competition_uuid,competition_date,competition_name,team1_name,team1_uuid,team2_name,team2_uuid,match_uuid,match_team1_uuid,match_team1_players,match_team2_uuid,match_team1_players-2,set_uuid,first_team_scope,second_team_scope
bdf169ad-0d32-4648-a8e9-ce4a30510d38,2023-09-28,28.09.2023 ЫкЫрлЫмЫрка - Шашки наголо,ЫкЫрлЫмЫрка,1e9c8ea2-a389-4971-a7ca-1c95bde6f603,Шашки наголо,c2a70d74-b18c-4082-826f-11cca698c2a3,9af7d130-b8de-49e5-b5ea-aef027b206f9,aaf38d51-cdb2-4d45-b3fb-818abaf96ed3,a95a686a-c6da-4861-a0d6-87d8e34b1492;df0b8dea-b5da-4024-8d1d-71f6875193b4,1d93222b-5f13-4a40-b80d-393558dedd4b,491f9f97-6487-4632-a836-f184d91aaf82;3e2569ce-5760-4e74-a2ca-65fa54a7a621,2961efad-11cf-4bfa-a38d-613f1218ee4a,6,4
bdf169ad-0d32-4648-a8e9-ce4a30510d38,2023-09-28,28.09.2023 ЫкЫрлЫмЫрка - Шашки наголо,ЫкЫрлЫмЫрка,1e9c8ea2-a389-4971-a7ca-1c95bde6f603,Шашки наголо,c2a70d74-b18c-4082-826f-11cca698c2a3,c1282e3d-3dc3-4777-9c82-dcdbed0faf07,ab1f491b-614e-441c-969f-923be109aaf7,ad6385c6-752d-485e-b43b-d79e947178cf;f93b5e8a-0b54-4ab5-9508-bb6f07c21886,f908fba0-a05c-42e2-adc9-1fb9921eec8d,8c4193fe-0ca0-4d34-ad58-654c1690fe63;15f1f778-e063-47d5-83b6-e6384d7537d5,1d4454c4-194e-4d2a-9141-c669944ff098,3,8
bdf169ad-0d32-4648-a8e9-ce4a30510d38,2023-09-28,28.09.2023 ЫкЫрлЫмЫрка - Шашки наголо,ЫкЫрлЫмЫрка,1e9c8ea2-a389-4971-a7ca-1c95bde6f603,Шашки наголо,c2a70d74-b18c-4082-826f-11cca698c2a3,e8323d2f-4076-4300-bb91-7bed818649eb,99c97c3b-3d83-4006-bc59-522a74578290,df0b8dea-b5da-4024-8d1d-71f6875193b4,b9963c6c-0d0b-4c19-b9e8-d171869ea42e,8c4193fe-0ca0-4d34-ad58-654c1690fe63,a0f070eb-0d20-4e7f-a20b-2440de79c5bb,9,3
bdf169ad-0d32-4648-a8e9-ce4a30510d38,2023-09-28,28.09.2023 ЫкЫрлЫмЫрка - Шашки наголо,ЫкЫрлЫмЫрка,1e9c8ea2-a389-4971-a7ca-1c95bde6f603,Шашки наголо,c2a70d74-b18c-4082-826f-11cca698c2a3,0101e86d-d037-4754-95e0-b8a230138f29,e8b9705d-311d-4e34-96c1-70b1147e45be,79c4db75-ccbf-4cc0-96df-00f03a498f8e,39354821-7a09-48ba-b15e-02d5e019b0d6,15f1f778-e063-47d5-83b6-e6384d7537d5,8517119b-c6b6-4a29-8f86-11dd9064f859,1,9
bdf169ad-0d32-4648-a8e9-ce4a30510d38,2023-09-28,28.09.2023 ЫкЫрлЫмЫрка - Шашки наголо,ЫкЫрлЫмЫрка,1e9c8ea2-a389-4971-a7ca-1c95bde6f603,Шашки наголо,c2a70d74-b18c-4082-826f-11cca698c2a3,11233078-6817-48a0-bb08-733d2a97fcc0,662e1713-66f1-4c7b-93a0-d7615c3fc3c1,ad6385c6-752d-485e-b43b-d79e947178cf;f93b5e8a-0b54-4ab5-9508-bb6f07c21886,abefda1b-320e-4ed9-bee6-8fc83ed9d9e9,05fad159-2cd2-4729-9116-5e9e5ef6e04e;3e2569ce-5760-4e74-a2ca-65fa54a7a621,2957a8b8-318a-4bee-bf7c-b3a486c556c1,5,6
99507e63-fb0b-4a5a-b544-162df6f28040,2023-09-29,29.09.2023 Shoot 'n Scoot - Old school,Shoot 'n Scoot,b94fb282-2e38-4ada-9ea5-6bd3ae2dc079,Old school,47559a69-d786-4f03-898e-5a1f45d9113b,c7145e26-9fd1-4c4d-83c4-80da8ec9dedc,59359628-f779-4fff-ab4e-b85407020381,8384440e-561d-4868-a34a-9e40a23eec69;004c7725-49f8-4cb0-ab9e-5d992feeb587,2149fcc8-593f-4672-ac96-c4346efa312d,56db5f1c-8c34-42c9-933c-04c33f8c96fc;04bd64a3-d9d3-4c11-88fd-cbf4a629db43,a13d659c-9dd2-4fa5-aacb-b55567b46669,6,1
99507e63-fb0b-4a5a-b544-162df6f28040,2023-09-29,29.09.2023 Shoot 'n Scoot - Old school,Shoot 'n Scoot,b94fb282-2e38-4ada-9ea5-6bd3ae2dc079,Old school,47559a69-d786-4f03-898e-5a1f45d9113b,cb200699-2810-4771-91c5-0968c2a4c60b,d482feab-afec-4ed2-9f64-fd4d6826fd2a,3bf0504b-9ac3-424f-9378-69c3e059bb4a;0838f553-0966-4ed3-974e-d04df5828558,0b97354b-940b-49c3-8f65-6bc396769ea4,e40c04e8-cc38-481e-b4b0-0a4e0cfc1df5;25238906-6419-4fb7-a3f8-e2fe4f9d7930,0a99fb37-2dd8-4308-b399-ad70a2bc05a3,6,4
99507e63-fb0b-4a5a-b544-162df6f28040,2023-09-29,29.09.2023 Shoot 'n Scoot - Old school,Shoot 'n Scoot,b94fb282-2e38-4ada-9ea5-6bd3ae2dc079,Old school,47559a69-d786-4f03-898e-5a1f45d9113b,b9138898-00f9-4de8-a895-f7fc4e4f50ff,25c52298-83da-4e28-b314-cd1862b6666f,fb1d9552-a406-4eec-8895-47ade1abce2b,65a56a4b-a7c3-495c-808f-5934f723ead2,56db5f1c-8c34-42c9-933c-04c33f8c96fc,12b44746-f477-43d7-a416-1ba32dbb43dc,6,0
99507e63-fb0b-4a5a-b544-162df6f28040,2023-09-29,29.09.2023 Shoot 'n Scoot - Old school,Shoot 'n Scoot,b94fb282-2e38-4ada-9ea5-6bd3ae2dc079,Old school,47559a69-d786-4f03-898e-5a1f45d9113b,4a954870-64fb-408a-a604-c0bc76f08314,8e06e753-f878-4408-9e1d-7436fe1b25eb,40088b33-1ed9-46a1-8879-64e35524b732,53168f41-f8ee-488a-8ee9-cb4c6c65406a,04bd64a3-d9d3-4c11-88fd-cbf4a629db43,2aa40d84-a2f0-464e-a3d8-75251b7258d2,6,2
99507e63-fb0b-4a5a-b544-162df6f28040,2023-09-29,29.09.2023 Shoot 'n Scoot - Old school,Shoot 'n Scoot,b94fb282-2e38-4ada-9ea5-6bd3ae2dc079,Old school,47559a69-d786-4f03-898e-5a1f45d9113b,e8f67329-1630-4d00-a374-8f30b332a538,145eaef6-e26e-4895-bffc-a48bb8ff9ceb,8384440e-561d-4868-a34a-9e40a23eec69;3bf0504b-9ac3-424f-9378-69c3e059bb4a,4c224f24-4540-4cb5-8720-a2cd4c3e0324,e40c04e8-cc38-481e-b4b0-0a4e0cfc1df5;25238906-6419-4fb7-a3f8-e2fe4f9d7930,95064bbd-7800-4292-acf1-c8c4d52fb884,6,5
d7201d5f-c9b4-40e4-945a-512b9dc222fe,2023-10-04,04.10.2023 Шашки наголо - Кикерные котики,Шашки наголо,c2a70d74-b18c-4082-826f-11cca698c2a3,Кикерные котики,2a7b3d01-2a0a-48b2-8369-2d70465d5f70,c242fa29-9372-404b-9d9a-196a20154a16,50d9e706-0d7a-4641-a4df-78ec8685914a,491f9f97-6487-4632-a836-f184d91aaf82;3e2569ce-5760-4e74-a2ca-65fa54a7a621,3edbf31a-2c5d-4418-89bd-fdc04a043c3b,3348bb57-ed10-4245-b1f0-62c27f64492b;6eb26bed-faba-4067-b3ec-2e66759ed889,ecf83a71-3424-4db9-8593-ed8c01d04215,6,0
d7201d5f-c9b4-40e4-945a-512b9dc222fe,2023-10-04,04.10.2023 Шашки наголо - Кикерные котики,Шашки наголо,c2a70d74-b18c-4082-826f-11cca698c2a3,Кикерные котики,2a7b3d01-2a0a-48b2-8369-2d70465d5f70,47f9dc40-afcd-4abf-8434-cb819adea97c,0d693249-70aa-4506-b627-5243f02b5739,8c4193fe-0ca0-4d34-ad58-654c1690fe63;15f1f778-e063-47d5-83b6-e6384d7537d5,cbbfad9c-3970-4ce4-86a4-8556f52a8e68,162fe512-e0aa-48f7-a092-c69e30ff8ec7;416dbaf3-e2f4-4d2d-a183-41ca25884aea,4979dc57-f6ec-4aae-a100-c0bfe7436404,5,12
d7201d5f-c9b4-40e4-945a-512b9dc222fe,2023-10-04,04.10.2023 Шашки наголо - Кикерные котики,Шашки наголо,c2a70d74-b18c-4082-826f-11cca698c2a3,Кикерные котики,2a7b3d01-2a0a-48b2-8369-2d70465d5f70,0588c962-9164-44eb-9700-c3ecc4496633,a1de655e-dbb0-481a-abfa-bc140dbfc7db,5a57a28e-c702-4b19-b82c-d8bb4faa5796,7b2e6732-0071-4f4c-8fe2-03718617c3f2,a9c89a9d-7e08-4bea-808f-5654867f9f20,db9605d2-c55e-4454-b661-c4bcbb6ebc0e,7,2
d7201d5f-c9b4-40e4-945a-512b9dc222fe,2023-10-04,04.10.2023 Шашки наголо - Кикерные котики,Шашки наголо,c2a70d74-b18c-4082-826f-11cca698c2a3,Кикерные котики,2a7b3d01-2a0a-48b2-8369-2d70465d5f70,8db8b492-f59f-4b31-bbd2-91aa4deb85b7,8f909584-766d-4298-8903-1e32cd588c39,3e2569ce-5760-4e74-a2ca-65fa54a7a621,3177dca2-3e32-4ec3-bd9a-ff8eeedcb5a7,6eb26bed-faba-4067-b3ec-2e66759ed889,e04174eb-7cd8-4840-8b4c-f51eb8fa9ba1,6,8
d7201d5f-c9b4-40e4-945a-512b9dc222fe,2023-10-04,04.10.2023 Шашки наголо - Кикерные котики,Шашки наголо,c2a70d74-b18c-4082-826f-11cca698c2a3,Кикерные котики,2a7b3d01-2a0a-48b2-8369-2d70465d5f70,4eeb9fa1-aa7a-4689-a4d2-ddc43d2b1c59,82a5bd51-80b3-4f28-a3bc-6f90fa53e1e5,05fad159-2cd2-4729-9116-5e9e5ef6e04e;15f1f778-e063-47d5-83b6-e6384d7537d5,adc0e78b-c785-477a-8386-ee0668c2ac80,162fe512-e0aa-48f7-a092-c69e30ff8ec7;e3093e6a-0a17-4b37-a5c7-adca7759a38f,4918ac98-85a4-437e-b42b-4dfaa1c8b212,6,7
f19e2846-0b56-4f79-b5f9-38328e97fe73,2023-10-05,05.10.2023 17:00:00 Shoot 'n Scoot - Sheeesh!,Shoot 'n Scoot,b94fb282-2e38-4ada-9ea5-6bd3ae2dc079,Sheeesh!,fdc44df0-9710-48bc-88ff-c7cabd05840f,f01ef8dd-972d-49b5-9802-def6a711614e,7697b8dc-0a97-4951-869c-34449b933227,40088b33-1ed9-46a1-8879-64e35524b732;004c7725-49f8-4cb0-ab9e-5d992feeb587,fd4d9cfe-516f-4dc1-af7c-8a2836c02ead,83259776-fd37-4e5d-ab4b-7a69fbc56071;90a3a1b4-4769-4317-9483-5325316556ac,0a27e1c4-9718-40a5-841d-173fee93156d,6,2
f19e2846-0b56-4f79-b5f9-38328e97fe73,2023-10-05,05.10.2023 17:00:00 Shoot 'n Scoot - Sheeesh!,Shoot 'n Scoot,b94fb282-2e38-4ada-9ea5-6bd3ae2dc079,Sheeesh!,fdc44df0-9710-48bc-88ff-c7cabd05840f,8bcfc728-5a39-4f3b-aed6-36213b9ac93c,ff7de926-f343-4adb-9431-46068df0814c,8384440e-561d-4868-a34a-9e40a23eec69;3bf0504b-9ac3-424f-9378-69c3e059bb4a,764020fd-8c4f-4980-9e26-459e78210276,8c75f19d-c03a-4c3f-b862-8cb0048cf47a;6d505517-29e9-48f6-812f-a9522ee1482a,4729bdb7-237a-40df-b6ed-aa89151d6113,5,10
f19e2846-0b56-4f79-b5f9-38328e97fe73,2023-10-05,05.10.2023 17:00:00 Shoot 'n Scoot - Sheeesh!,Shoot 'n Scoot,b94fb282-2e38-4ada-9ea5-6bd3ae2dc079,Sheeesh!,fdc44df0-9710-48bc-88ff-c7cabd05840f,0b5f2f62-b033-4e4e-80a7-f308d23b2209,f2ad673d-275c-4453-ad9a-29270ada765a,0838f553-0966-4ed3-974e-d04df5828558,aea55dc4-0f55-4591-865c-ad772edba485,90a3a1b4-4769-4317-9483-5325316556ac,5c79dde2-f74a-402d-b805-d3daa1934113,2,6
f19e2846-0b56-4f79-b5f9-38328e97fe73,2023-10-05,05.10.2023 17:00:00 Shoot 'n Scoot - Sheeesh!,Shoot 'n Scoot,b94fb282-2e38-4ada-9ea5-6bd3ae2dc079,Sheeesh!,fdc44df0-9710-48bc-88ff-c7cabd05840f,1ca8476c-8981-416d-a257-465cbb144a4e,d3711fbc-d66a-4566-93bd-5b4ddbe57cde,40088b33-1ed9-46a1-8879-64e35524b732,5c822a3e-0576-442e-a8e2-2cfe62d01dd2,6d505517-29e9-48f6-812f-a9522ee1482a,f872cb54-136e-4050-8cb0-1e0a105fe459,8,6
f19e2846-0b56-4f79-b5f9-38328e97fe73,2023-10-05,05.10.2023 17:00:00 Shoot 'n Scoot - Sheeesh!,Shoot 'n Scoot,b94fb282-2e38-4ada-9ea5-6bd3ae2dc079,Sheeesh!,fdc44df0-9710-48bc-88ff-c7cabd05840f,a1accd7a-d568-4210-9db6-4a44b0bd2f61,5f1258cf-3785-4549-8d30-db8cec563fc6,8384440e-561d-4868-a34a-9e40a23eec69;3bf0504b-9ac3-424f-9378-69c3e059bb4a,c381857a-f30b-40fb-b3b8-7c60a15b1472,8c75f19d-c03a-4c3f-b862-8cb0048cf47a;149742ee-776a-4cd2-9a9c-1bd54dec738a,920d9ce4-2dc9-40d1-b617-0020f7499d20,4,6
ecf19ce6-2e1f-4a89-9923-8bf959d63548,2023-10-12,12.10.2023 Sheeesh! - ЫкЫрлЫмЫрка,Sheeesh!,fdc44df0-9710-48bc-88ff-c7cabd05840f,ЫкЫрлЫмЫрка,1e9c8ea2-a389-4971-a7ca-1c95bde6f603,cf24c039-6ac2-4b2e-bacf-dd7f509cb436,2b70b091-747b-4529-b25a-b80301d189a3,90a3a1b4-4769-4317-9483-5325316556ac;149742ee-776a-4cd2-9a9c-1bd54dec738a,96bcbdaf-6cc5-47bd-b2cf-4cfee23dc242,dbef3e01-2fca-4e3f-a005-5b8e47529942;df0b8dea-b5da-4024-8d1d-71f6875193b4,c86a53ff-56f9-4a55-b85f-00654f088516,2,6
ecf19ce6-2e1f-4a89-9923-8bf959d63548,2023-10-12,12.10.2023 Sheeesh! - ЫкЫрлЫмЫрка,Sheeesh!,fdc44df0-9710-48bc-88ff-c7cabd05840f,ЫкЫрлЫмЫрка,1e9c8ea2-a389-4971-a7ca-1c95bde6f603,27b65d35-7542-47a0-b118-c75e8d527903,465a47e4-42b2-491d-9823-5ac0dd569bd5,046e210d-d81d-450b-ad1e-cf2d622a3325;6d505517-29e9-48f6-812f-a9522ee1482a,e3cd7ac5-9196-4d58-94d4-fe022cc39928,ad6385c6-752d-485e-b43b-d79e947178cf;f5a6996b-6857-47c2-ae8a-298039f930b9,3875756f-3132-49cc-a453-a4a70b67d1ae,10,3
ecf19ce6-2e1f-4a89-9923-8bf959d63548,2023-10-12,12.10.2023 Sheeesh! - ЫкЫрлЫмЫрка,Sheeesh!,fdc44df0-9710-48bc-88ff-c7cabd05840f,ЫкЫрлЫмЫрка,1e9c8ea2-a389-4971-a7ca-1c95bde6f603,5890bd66-ea1b-4f37-b8a5-ce3dbcc1cc77,748e8922-b2bd-43ea-82bc-d744f9b897d9,6d505517-29e9-48f6-812f-a9522ee1482a,1cfb1bfb-7c11-4252-b47a-a4b1fab90a86,79c4db75-ccbf-4cc0-96df-00f03a498f8e,dd163152-b7db-426a-b378-173193f56e07,6,6
ecf19ce6-2e1f-4a89-9923-8bf959d63548,2023-10-12,12.10.2023 Sheeesh! - ЫкЫрлЫмЫрка,Sheeesh!,fdc44df0-9710-48bc-88ff-c7cabd05840f,ЫкЫрлЫмЫрка,1e9c8ea2-a389-4971-a7ca-1c95bde6f603,134ab890-109b-4e40-9095-48d7b1084ba1,235f7f70-880a-4791-8bc8-a2b8bba8270e,046e210d-d81d-450b-ad1e-cf2d622a3325,0f6f8647-d701-45ee-8362-5e78011ef0d5,df0b8dea-b5da-4024-8d1d-71f6875193b4,a5528d09-2565-4656-ab7c-93303c731b40,4,9
ecf19ce6-2e1f-4a89-9923-8bf959d63548,2023-10-12,12.10.2023 Sheeesh! - ЫкЫрлЫмЫрка,Sheeesh!,fdc44df0-9710-48bc-88ff-c7cabd05840f,ЫкЫрлЫмЫрка,1e9c8ea2-a389-4971-a7ca-1c95bde6f603,ce5f5e86-bfd8-4a6a-851c-fbe2d56a12e6,cb6ced83-43bd-4138-ae6c-f2c5f5f69370,90a3a1b4-4769-4317-9483-5325316556ac;149742ee-776a-4cd2-9a9c-1bd54dec738a,bd48e96d-605c-48bc-a021-2d0f9879ed40,0b3700ad-c8a0-45ce-bfcb-53f574a5f0e6;f5a6996b-6857-47c2-ae8a-298039f930b9,ff2e3fbf-dc7f-4017-b41b-1bb49cf69899,7,6
92eb3813-79ba-432a-9d68-61f951ff0b1c,2023-10-19,19.10.2023 18:30:00 Shoot 'n Scoot - ЫкЫрлЫмЫрка,Shoot 'n Scoot,b94fb282-2e38-4ada-9ea5-6bd3ae2dc079,ЫкЫрлЫмЫрка,1e9c8ea2-a389-4971-a7ca-1c95bde6f603,eb7c3225-8c8a-41eb-b136-bb6dca69c567,ce92c396-9e38-470b-b3c4-91def60f258d,8384440e-561d-4868-a34a-9e40a23eec69;004c7725-49f8-4cb0-ab9e-5d992feeb587,613f733d-2363-4a67-8699-e4fe96b4339f,df0b8dea-b5da-4024-8d1d-71f6875193b4;f93b5e8a-0b54-4ab5-9508-bb6f07c21886,83c76439-c681-469c-8bfe-cf620cb376bf,4,6
92eb3813-79ba-432a-9d68-61f951ff0b1c,2023-10-19,19.10.2023 18:30:00 Shoot 'n Scoot - ЫкЫрлЫмЫрка,Shoot 'n Scoot,b94fb282-2e38-4ada-9ea5-6bd3ae2dc079,ЫкЫрлЫмЫрка,1e9c8ea2-a389-4971-a7ca-1c95bde6f603,214f8944-194a-4d24-8047-11e414b65b0e,1343ff50-075e-4380-9d48-af813b1d0897,40088b33-1ed9-46a1-8879-64e35524b732;3bf0504b-9ac3-424f-9378-69c3e059bb4a,bdda7e27-4e8c-41af-9f06-d419ea44cc57,0b3700ad-c8a0-45ce-bfcb-53f574a5f0e6;79c4db75-ccbf-4cc0-96df-00f03a498f8e,e51dcf54-9d23-4c6b-9eb7-a3115e1122fc,8,5
92eb3813-79ba-432a-9d68-61f951ff0b1c,2023-10-19,19.10.2023 18:30:00 Shoot 'n Scoot - ЫкЫрлЫмЫрка,Shoot 'n Scoot,b94fb282-2e38-4ada-9ea5-6bd3ae2dc079,ЫкЫрлЫмЫрка,1e9c8ea2-a389-4971-a7ca-1c95bde6f603,a684c75b-1373-4d3f-bc7d-da00c6c038f2,d0dbcd61-444c-4f8d-b85b-f4fedd46ee0b,40088b33-1ed9-46a1-8879-64e35524b732,152f473a-a579-4964-bae6-6b43920c85ac,df0b8dea-b5da-4024-8d1d-71f6875193b4,e518e9c0-d2b6-4205-ac78-310897abdf81,3,7
92eb3813-79ba-432a-9d68-61f951ff0b1c,2023-10-19,19.10.2023 18:30:00 Shoot 'n Scoot - ЫкЫрлЫмЫрка,Shoot 'n Scoot,b94fb282-2e38-4ada-9ea5-6bd3ae2dc079,ЫкЫрлЫмЫрка,1e9c8ea2-a389-4971-a7ca-1c95bde6f603,c576616e-e59f-47be-ad0d-00e923faf5a5,796bf644-3dd2-4d4e-995f-418e02a2e6ae,8384440e-561d-4868-a34a-9e40a23eec69,3948dc8f-88d4-4bc8-a6ce-02d554ac0859,79c4db75-ccbf-4cc0-96df-00f03a498f8e,40954141-8ae0-4716-9f8b-fd33ff5df5fc,9,2
92eb3813-79ba-432a-9d68-61f951ff0b1c,2023-10-19,19.10.2023 18:30:00 Shoot 'n Scoot - ЫкЫрлЫмЫрка,Shoot 'n Scoot,b94fb282-2e38-4ada-9ea5-6bd3ae2dc079,ЫкЫрлЫмЫрка,1e9c8ea2-a389-4971-a7ca-1c95bde6f603,beac7d23-b5ea-4368-9a2c-7f284912bf10,e0eb04d8-9f66-425d-a9f1-2b8576131d2d,3bf0504b-9ac3-424f-9378-69c3e059bb4a;fb1d9552-a406-4eec-8895-47ade1abce2b,a8a8fd24-4318-472d-8b38-10a00f194b98,0b3700ad-c8a0-45ce-bfcb-53f574a5f0e6;f93b5e8a-0b54-4ab5-9508-bb6f07c21886,03c5a145-e454-4107-9912-1fee9f900abc,6,1
01217f0c-1dc2-41b7-b01c-c4c8084a7500,2023-10-24,24.10.2023 17:30:00 Кикерные котики - Sheeesh!,Кикерные котики,2a7b3d01-2a0a-48b2-8369-2d70465d5f70,Sheeesh!,fdc44df0-9710-48bc-88ff-c7cabd05840f,b56ff87e-6a86-4559-a5d8-6ad7d99ef26e,767121bc-769c-4395-b99b-6bd69aa6a6cd,a9c89a9d-7e08-4bea-808f-5654867f9f20;162fe512-e0aa-48f7-a092-c69e30ff8ec7,da14f7eb-33d1-4f11-a664-78ffb19b2065,83259776-fd37-4e5d-ab4b-7a69fbc56071;149742ee-776a-4cd2-9a9c-1bd54dec738a,a3bdbfc8-46be-4b3b-bb1f-5ec73b934a57,6,0
01217f0c-1dc2-41b7-b01c-c4c8084a7500,2023-10-24,24.10.2023 17:30:00 Кикерные котики - Sheeesh!,Кикерные котики,2a7b3d01-2a0a-48b2-8369-2d70465d5f70,Sheeesh!,fdc44df0-9710-48bc-88ff-c7cabd05840f,1556c48a-4f70-4c09-b544-9af63e1b632d,9089335e-dd09-406f-83f5-07c320d0ca1b,416dbaf3-e2f4-4d2d-a183-41ca25884aea;6eb26bed-faba-4067-b3ec-2e66759ed889,2b3aaf95-7d38-4993-9618-a44a00100ab1,8c75f19d-c03a-4c3f-b862-8cb0048cf47a;046e210d-d81d-450b-ad1e-cf2d622a3325,86b77283-6159-4c5e-b61e-8839365390b5,6,9
01217f0c-1dc2-41b7-b01c-c4c8084a7500,2023-10-24,24.10.2023 17:30:00 Кикерные котики - Sheeesh!,Кикерные котики,2a7b3d01-2a0a-48b2-8369-2d70465d5f70,Sheeesh!,fdc44df0-9710-48bc-88ff-c7cabd05840f,665519ba-3f7a-4638-9643-8aa00417a272,d09d6751-82dc-4d22-8747-89948c4f5249,416dbaf3-e2f4-4d2d-a183-41ca25884aea,cda70b46-7378-4473-af6c-5dd6dcc1344b,90a3a1b4-4769-4317-9483-5325316556ac,d10b0bbd-eb47-49a6-a2a8-1abedb176ade,6,4
01217f0c-1dc2-41b7-b01c-c4c8084a7500,2023-10-24,24.10.2023 17:30:00 Кикерные котики - Sheeesh!,Кикерные котики,2a7b3d01-2a0a-48b2-8369-2d70465d5f70,Sheeesh!,fdc44df0-9710-48bc-88ff-c7cabd05840f,5e03d91b-6c18-4e6e-b84f-f7243bf4e274,0ada855f-4e64-4d8b-9db1-f73f8cc931e5,162fe512-e0aa-48f7-a092-c69e30ff8ec7,ee0a36a1-14df-41b1-97c6-c840a50618e8,6d505517-29e9-48f6-812f-a9522ee1482a,258e3a8c-8988-43d4-b7a5-8d64e1f20419,6,3
01217f0c-1dc2-41b7-b01c-c4c8084a7500,2023-10-24,24.10.2023 17:30:00 Кикерные котики - Sheeesh!,Кикерные котики,2a7b3d01-2a0a-48b2-8369-2d70465d5f70,Sheeesh!,fdc44df0-9710-48bc-88ff-c7cabd05840f,df79e5ec-5075-41b5-b616-47eba951c99c,5eb2cb80-9e6a-4343-bbc7-15123865514e,e3093e6a-0a17-4b37-a5c7-adca7759a38f;6eb26bed-faba-4067-b3ec-2e66759ed889,54b7c0ca-8752-4abd-b81b-51513fb6aef0,8c75f19d-c03a-4c3f-b862-8cb0048cf47a;046e210d-d81d-450b-ad1e-cf2d622a3325,557d3b3e-4b85-4c63-b20a-7b207991d45f,6,11
d67b3d39-477a-44fa-a848-8863a4c7112d,2023-10-24,24.10.2023 18:45:00  Old school - Shoot 'n Scoot,Old school,47559a69-d786-4f03-898e-5a1f45d9113b,Shoot 'n Scoot,b94fb282-2e38-4ada-9ea5-6bd3ae2dc079,01f00f7d-8784-4838-887c-8a9bf67cbb18,08b28326-eeea-4caa-8f38-c4b4c1eb77b6,04bd64a3-d9d3-4c11-88fd-cbf4a629db43;e40c04e8-cc38-481e-b4b0-0a4e0cfc1df5,32a421c5-671a-4859-b9f2-80b7064ec0dd,8384440e-561d-4868-a34a-9e40a23eec69;0838f553-0966-4ed3-974e-d04df5828558,7559a6d9-bf4d-4da7-a611-85d9239d2953,6,3
d67b3d39-477a-44fa-a848-8863a4c7112d,2023-10-24,24.10.2023 18:45:00  Old school - Shoot 'n Scoot,Old school,47559a69-d786-4f03-898e-5a1f45d9113b,Shoot 'n Scoot,b94fb282-2e38-4ada-9ea5-6bd3ae2dc079,177acbf9-e78b-4fb7-b6f3-735767a088ef,8ec852b8-dc57-466c-9ffc-b16c9c4284ca,56db5f1c-8c34-42c9-933c-04c33f8c96fc;25238906-6419-4fb7-a3f8-e2fe4f9d7930,684ff5e8-9cb9-457f-b999-90ff94f6b340,40088b33-1ed9-46a1-8879-64e35524b732;3bf0504b-9ac3-424f-9378-69c3e059bb4a,72f8a212-cbfa-4daa-ba3e-ecb415b7599d,6,5
d67b3d39-477a-44fa-a848-8863a4c7112d,2023-10-24,24.10.2023 18:45:00  Old school - Shoot 'n Scoot,Old school,47559a69-d786-4f03-898e-5a1f45d9113b,Shoot 'n Scoot,b94fb282-2e38-4ada-9ea5-6bd3ae2dc079,81585bae-8fe8-4b19-b798-123318e85d0e,4a3922d8-acab-4d81-bbe5-377c93d27d60,6e3723eb-8d29-4feb-bbc5-7ef845ac2d49,94c94c67-293b-45dc-aec9-1ab65699c977,40088b33-1ed9-46a1-8879-64e35524b732,429dede5-28af-4798-90c9-ed385680c717,6,8
d67b3d39-477a-44fa-a848-8863a4c7112d,2023-10-24,24.10.2023 18:45:00  Old school - Shoot 'n Scoot,Old school,47559a69-d786-4f03-898e-5a1f45d9113b,Shoot 'n Scoot,b94fb282-2e38-4ada-9ea5-6bd3ae2dc079,a8b44a8b-eab2-4b20-9fbf-3376f60753bd,dff77108-68e0-47a2-8bc7-62366ea232dd,bcc34bb4-00d4-47b1-ad21-1c51289450c2,de3bdf25-b2b7-4c99-b8fa-41ad2360124e,8384440e-561d-4868-a34a-9e40a23eec69,4d606685-9a4f-42f1-8e5e-8e396171fb82,1,8
d67b3d39-477a-44fa-a848-8863a4c7112d,2023-10-24,24.10.2023 18:45:00  Old school - Shoot 'n Scoot,Old school,47559a69-d786-4f03-898e-5a1f45d9113b,Shoot 'n Scoot,b94fb282-2e38-4ada-9ea5-6bd3ae2dc079,9bdc0463-baa5-47eb-b975-5cec8314eac5,4d807ab3-20a6-41b2-a7b0-4310cb967b88,e40c04e8-cc38-481e-b4b0-0a4e0cfc1df5;25238906-6419-4fb7-a3f8-e2fe4f9d7930,927804db-ca71-4108-be21-16c2493ddda0,3bf0504b-9ac3-424f-9378-69c3e059bb4a;fb1d9552-a406-4eec-8895-47ade1abce2b,fd30ba40-82c1-4e39-8b92-52466703c0e7,8,6
caa086cd-a2ef-4a85-b369-9eb01110d4d8,2023-10-26,26.10.2023 17:00:00 Shoot 'n Scoot - Шашки наголо,Shoot 'n Scoot,b94fb282-2e38-4ada-9ea5-6bd3ae2dc079,Шашки наголо,c2a70d74-b18c-4082-826f-11cca698c2a3,6b2ca6f3-8763-4ee2-97df-2ed77a3ef1da,16903ae3-8954-460f-8c3a-58bfcd53284b,3bf0504b-9ac3-424f-9378-69c3e059bb4a;004c7725-49f8-4cb0-ab9e-5d992feeb587,138ca154-cd65-4f1b-859e-c73d7733188f,05fad159-2cd2-4729-9116-5e9e5ef6e04e;3e2569ce-5760-4e74-a2ca-65fa54a7a621,522b9c51-b455-493a-88b5-41059cc98943,6,3
caa086cd-a2ef-4a85-b369-9eb01110d4d8,2023-10-26,26.10.2023 17:00:00 Shoot 'n Scoot - Шашки наголо,Shoot 'n Scoot,b94fb282-2e38-4ada-9ea5-6bd3ae2dc079,Шашки наголо,c2a70d74-b18c-4082-826f-11cca698c2a3,5e275880-311a-4d38-8054-81b365115736,6c935315-5e08-4220-8341-4fe2d94e0959,8384440e-561d-4868-a34a-9e40a23eec69;0838f553-0966-4ed3-974e-d04df5828558,f94253ce-50ea-4c9a-b4ad-a6b766a83164,491f9f97-6487-4632-a836-f184d91aaf82;15f1f778-e063-47d5-83b6-e6384d7537d5,8e31e8c2-5fc4-4119-885c-aeefd682472a,6,8
caa086cd-a2ef-4a85-b369-9eb01110d4d8,2023-10-26,26.10.2023 17:00:00 Shoot 'n Scoot - Шашки наголо,Shoot 'n Scoot,b94fb282-2e38-4ada-9ea5-6bd3ae2dc079,Шашки наголо,c2a70d74-b18c-4082-826f-11cca698c2a3,3c6cec8f-07d0-4c37-9d1d-d0f39dc4731e,d99f2600-d41c-4ecf-9ea4-bcb101e74d64,40088b33-1ed9-46a1-8879-64e35524b732,8d193f8d-74b8-4014-918f-3575744b6ee8,8c4193fe-0ca0-4d34-ad58-654c1690fe63,fc491789-092e-431c-a7e1-0ee5f7395335,6,2
caa086cd-a2ef-4a85-b369-9eb01110d4d8,2023-10-26,26.10.2023 17:00:00 Shoot 'n Scoot - Шашки наголо,Shoot 'n Scoot,b94fb282-2e38-4ada-9ea5-6bd3ae2dc079,Шашки наголо,c2a70d74-b18c-4082-826f-11cca698c2a3,9f94516e-40f1-49b8-b2be-14192c94674c,a511b5e9-6ead-4221-a698-db2fe7acf1e7,3bf0504b-9ac3-424f-9378-69c3e059bb4a,ded8dc60-7dac-4878-9ee7-bc2edb485b58,5a57a28e-c702-4b19-b82c-d8bb4faa5796,6cd6306e-e2c7-4201-a2b7-ac884491c5ad,6,1
caa086cd-a2ef-4a85-b369-9eb01110d4d8,2023-10-26,26.10.2023 17:00:00 Shoot 'n Scoot - Шашки наголо,Shoot 'n Scoot,b94fb282-2e38-4ada-9ea5-6bd3ae2dc079,Шашки наголо,c2a70d74-b18c-4082-826f-11cca698c2a3,823041b9-a422-4380-af49-63f568f5aa9c,5a55d11b-a415-4d74-9102-7433649e0825,8384440e-561d-4868-a34a-9e40a23eec69;fb1d9552-a406-4eec-8895-47ade1abce2b,ca8b5ddb-739c-4447-b9d5-7594305b7b2d,3e2569ce-5760-4e74-a2ca-65fa54a7a621;15f1f778-e063-47d5-83b6-e6384d7537d5,34736358-dcbd-4ff1-8b7f-44ea554135d2,6,3
893eb4e3-b5b7-4a0c-b23d-ef891d81e251,2023-11-02,02.11.2023 17:00:00 Кикерные котики - Ыкырламырка,Кикерные котики,2a7b3d01-2a0a-48b2-8369-2d70465d5f70,ЫкЫрлЫмЫрка,1e9c8ea2-a389-4971-a7ca-1c95bde6f603,bda8056e-6483-478b-b514-195378e92c1b,ff3a082d-5550-482b-9daf-ec08a0d8e463,a9c89a9d-7e08-4bea-808f-5654867f9f20;6eb26bed-faba-4067-b3ec-2e66759ed889,21520c81-e250-4601-abbe-154ce976178a,a95a686a-c6da-4861-a0d6-87d8e34b1492;df0b8dea-b5da-4024-8d1d-71f6875193b4,384415d9-9883-4c83-9f2d-1931cef08215,6,5
893eb4e3-b5b7-4a0c-b23d-ef891d81e251,2023-11-02,02.11.2023 17:00:00 Кикерные котики - Ыкырламырка,Кикерные котики,2a7b3d01-2a0a-48b2-8369-2d70465d5f70,ЫкЫрлЫмЫрка,1e9c8ea2-a389-4971-a7ca-1c95bde6f603,53572779-dd57-4cbf-84ba-3ab31cade571,3979f58f-20a9-4646-a1a3-8346bbcef513,162fe512-e0aa-48f7-a092-c69e30ff8ec7;416dbaf3-e2f4-4d2d-a183-41ca25884aea,8bdea687-f1e0-4d11-b589-d5d933438bf2,0b3700ad-c8a0-45ce-bfcb-53f574a5f0e6;f5a6996b-6857-47c2-ae8a-298039f930b9,d6462939-752d-4867-a64e-949535a43a2b,6,2
893eb4e3-b5b7-4a0c-b23d-ef891d81e251,2023-11-02,02.11.2023 17:00:00 Кикерные котики - Ыкырламырка,Кикерные котики,2a7b3d01-2a0a-48b2-8369-2d70465d5f70,ЫкЫрлЫмЫрка,1e9c8ea2-a389-4971-a7ca-1c95bde6f603,ef40370d-bb9a-42b9-acbc-81ff951ced9e,f0a41c99-247e-4763-84da-f6bd8593d88d,416dbaf3-e2f4-4d2d-a183-41ca25884aea,f38afd05-1709-4985-8740-e440b715f9a8,df0b8dea-b5da-4024-8d1d-71f6875193b4,e230b88c-0d92-4a40-bb75-bd54c5ea7815,6,8
893eb4e3-b5b7-4a0c-b23d-ef891d81e251,2023-11-02,02.11.2023 17:00:00 Кикерные котики - Ыкырламырка,Кикерные котики,2a7b3d01-2a0a-48b2-8369-2d70465d5f70,ЫкЫрлЫмЫрка,1e9c8ea2-a389-4971-a7ca-1c95bde6f603,32f4a139-776b-4584-9809-adc0f760d0d0,c3ad46aa-8df9-4656-b901-482d7360a1dd,6eb26bed-faba-4067-b3ec-2e66759ed889,6e3caeac-1ae9-4240-9929-2fdafc4f888b,79c4db75-ccbf-4cc0-96df-00f03a498f8e,5bd1b1b6-1d08-44a6-afac-0e493da186de,6,1
893eb4e3-b5b7-4a0c-b23d-ef891d81e251,2023-11-02,02.11.2023 17:00:00 Кикерные котики - Ыкырламырка,Кикерные котики,2a7b3d01-2a0a-48b2-8369-2d70465d5f70,ЫкЫрлЫмЫрка,1e9c8ea2-a389-4971-a7ca-1c95bde6f603,1b318c8a-1f77-4561-92ba-45ca69a011e1,42694aeb-d30a-4f63-8e53-ceaeeed7e4fa,162fe512-e0aa-48f7-a092-c69e30ff8ec7;e3093e6a-0a17-4b37-a5c7-adca7759a38f,7d7c288a-b557-4e13-a3ce-6e79e041a040,ad6385c6-752d-485e-b43b-d79e947178cf;0b3700ad-c8a0-45ce-bfcb-53f574a5f0e6,6960cfbe-4898-4c28-ac78-eebe4ef3dd9a,6,0
dafd5724-1a65-4457-aff3-bdc00a339a20,2023-11-17,17.11.2023 Ыкырламырка - Sheeesh!,ЫкЫрлЫмЫрка,1e9c8ea2-a389-4971-a7ca-1c95bde6f603,Sheeesh!,fdc44df0-9710-48bc-88ff-c7cabd05840f,6f41b197-1d78-46bb-aefc-3bce68010abc,7182e3db-48b5-48e7-80b0-143df1945331,0b3700ad-c8a0-45ce-bfcb-53f574a5f0e6;f93b5e8a-0b54-4ab5-9508-bb6f07c21886,872d92de-e67d-4fba-a240-3a88cacf6ef6,a3588e26-71ac-47e8-80ee-f7b1c27ed097;046e210d-d81d-450b-ad1e-cf2d622a3325,fa784e11-b3d0-4e02-9b1f-441b74b01e3c,4,6
dafd5724-1a65-4457-aff3-bdc00a339a20,2023-11-17,17.11.2023 Ыкырламырка - Sheeesh!,ЫкЫрлЫмЫрка,1e9c8ea2-a389-4971-a7ca-1c95bde6f603,Sheeesh!,fdc44df0-9710-48bc-88ff-c7cabd05840f,00ab4e1d-be16-410a-b231-31fe244c172d,247fa060-5d54-4dcb-996c-19f6434116ab,a95a686a-c6da-4861-a0d6-87d8e34b1492;df0b8dea-b5da-4024-8d1d-71f6875193b4,e6e53d79-f24b-4fbf-808b-9a19dc681822,90a3a1b4-4769-4317-9483-5325316556ac;6d505517-29e9-48f6-812f-a9522ee1482a,d249868e-58b2-474c-93c0-61a82b266e44,1,6
dafd5724-1a65-4457-aff3-bdc00a339a20,2023-11-17,17.11.2023 Ыкырламырка - Sheeesh!,ЫкЫрлЫмЫрка,1e9c8ea2-a389-4971-a7ca-1c95bde6f603,Sheeesh!,fdc44df0-9710-48bc-88ff-c7cabd05840f,0b28c495-e96f-469e-9399-3d44c6be2149,117e0671-fa7b-4ac6-877e-fb43069d4087,ad6385c6-752d-485e-b43b-d79e947178cf,8f961d58-b712-4cd1-afb3-e9e43f2afb80,a3588e26-71ac-47e8-80ee-f7b1c27ed097,a3fec949-20ce-4345-8a23-bdd10b71437b,8,6
dafd5724-1a65-4457-aff3-bdc00a339a20,2023-11-17,17.11.2023 Ыкырламырка - Sheeesh!,ЫкЫрлЫмЫрка,1e9c8ea2-a389-4971-a7ca-1c95bde6f603,Sheeesh!,fdc44df0-9710-48bc-88ff-c7cabd05840f,2a4474ca-52f8-4ef7-b84d-18e9de57caac,aeead0ff-c774-47e9-94ca-55f7d49dfbff,0b3700ad-c8a0-45ce-bfcb-53f574a5f0e6,fbaf9375-ef85-45bb-94c7-f284bea42eec,046e210d-d81d-450b-ad1e-cf2d622a3325,1fc752f8-d655-4504-98b0-537bcef01528,2,6
dafd5724-1a65-4457-aff3-bdc00a339a20,2023-11-17,17.11.2023 Ыкырламырка - Sheeesh!,ЫкЫрлЫмЫрка,1e9c8ea2-a389-4971-a7ca-1c95bde6f603,Sheeesh!,fdc44df0-9710-48bc-88ff-c7cabd05840f,9be5b4cb-d518-40ab-bb94-265851179680,a70482c7-b47b-4b47-9d9e-0f301fb6bbf7,df0b8dea-b5da-4024-8d1d-71f6875193b4;f93b5e8a-0b54-4ab5-9508-bb6f07c21886,131aa023-4063-41e1-b67a-1daaeb0b465f,8c75f19d-c03a-4c3f-b862-8cb0048cf47a;6d505517-29e9-48f6-812f-a9522ee1482a,61b35849-4e19-47b8-bdcb-fe014ae21fc6,12,6
3bc6c4ad-9aab-4114-8e9b-cfa465fccbcb,2023-11-17,17.11.2023 Ыкырламырка - Old school,ЫкЫрлЫмЫрка,1e9c8ea2-a389-4971-a7ca-1c95bde6f603,Old school,47559a69-d786-4f03-898e-5a1f45d9113b,31c4218b-457a-4870-a438-e6fb6662be1f,d5ff7898-63a5-442d-9e7b-d19afcac6164,ad6385c6-752d-485e-b43b-d79e947178cf;f93b5e8a-0b54-4ab5-9508-bb6f07c21886,cb8908e4-bb23-47ef-8926-127339c221db,56db5f1c-8c34-42c9-933c-04c33f8c96fc;25238906-6419-4fb7-a3f8-e2fe4f9d7930,b497ec3b-4f46-45ad-a7fa-ab982ef775dd,1,6
3bc6c4ad-9aab-4114-8e9b-cfa465fccbcb,2023-11-17,17.11.2023 Ыкырламырка - Old school,ЫкЫрлЫмЫрка,1e9c8ea2-a389-4971-a7ca-1c95bde6f603,Old school,47559a69-d786-4f03-898e-5a1f45d9113b,fc7b2f33-ff29-47fa-80ac-fb1e5799e231,e81f5f44-4c77-4f6f-8e01-4ee9c6cb9a76,a95a686a-c6da-4861-a0d6-87d8e34b1492;df0b8dea-b5da-4024-8d1d-71f6875193b4,6f1152ab-9eb4-4be0-87f2-4f88fcdc4384,04bd64a3-d9d3-4c11-88fd-cbf4a629db43;e40c04e8-cc38-481e-b4b0-0a4e0cfc1df5,8d9d0934-6764-447a-9373-e994163b263b,5,6
3bc6c4ad-9aab-4114-8e9b-cfa465fccbcb,2023-11-17,17.11.2023 Ыкырламырка - Old school,ЫкЫрлЫмЫрка,1e9c8ea2-a389-4971-a7ca-1c95bde6f603,Old school,47559a69-d786-4f03-898e-5a1f45d9113b,a0bd692d-319c-43b0-84bc-f31f83ee24a4,f1d49b16-97cb-4656-a965-1ccf93c76259,ad6385c6-752d-485e-b43b-d79e947178cf,beb0a993-a730-4bbc-a03a-d6b8c725c348,6e3723eb-8d29-4feb-bbc5-7ef845ac2d49,b69519df-9230-4efa-8e2a-b426564063d7,5,6
3bc6c4ad-9aab-4114-8e9b-cfa465fccbcb,2023-11-17,17.11.2023 Ыкырламырка - Old school,ЫкЫрлЫмЫрка,1e9c8ea2-a389-4971-a7ca-1c95bde6f603,Old school,47559a69-d786-4f03-898e-5a1f45d9113b,ad81f861-0003-4a49-bba7-4dce78414ac7,124b6c55-8817-415c-ae88-14bd11a5797c,f93b5e8a-0b54-4ab5-9508-bb6f07c21886,d4ee2666-5206-4340-960f-73575ffa22fb,04bd64a3-d9d3-4c11-88fd-cbf4a629db43,a44798e7-a51b-4216-966a-b2fa55ccbb94,3,6
3bc6c4ad-9aab-4114-8e9b-cfa465fccbcb,2023-11-17,17.11.2023 Ыкырламырка - Old school,ЫкЫрлЫмЫрка,1e9c8ea2-a389-4971-a7ca-1c95bde6f603,Old school,47559a69-d786-4f03-898e-5a1f45d9113b,8803d351-251d-4b79-ac08-ef697e8e64f4,0a5bc617-eb86-48be-81d9-6745cf7ae20b,a95a686a-c6da-4861-a0d6-87d8e34b1492;df0b8dea-b5da-4024-8d1d-71f6875193b4,66b110c7-8671-4da2-a360-86f926c84b5a,e40c04e8-cc38-481e-b4b0-0a4e0cfc1df5;25238906-6419-4fb7-a3f8-e2fe4f9d7930,f1edc6ef-6b53-4770-9437-4f84b4adffcd,1,6
4c673788-e916-4dc7-8767-09129dfd81e5,2023-11-22,22.11.2023 Shoot 'n Scoot - Кикерные котики,Shoot 'n Scoot,b94fb282-2e38-4ada-9ea5-6bd3ae2dc079,Кикерные котики,2a7b3d01-2a0a-48b2-8369-2d70465d5f70,7d2dd474-abfd-4e8b-979a-4506490cc4d2,4faa09f8-d69b-4e6f-8916-751520639c6e,8384440e-561d-4868-a34a-9e40a23eec69;004c7725-49f8-4cb0-ab9e-5d992feeb587,bad769e1-4810-47d6-8333-86929138e243,a9c89a9d-7e08-4bea-808f-5654867f9f20;162fe512-e0aa-48f7-a092-c69e30ff8ec7,a3f3504c-2ae6-40fb-a8dc-62f7fab8661f,6,5
4c673788-e916-4dc7-8767-09129dfd81e5,2023-11-22,22.11.2023 Shoot 'n Scoot - Кикерные котики,Shoot 'n Scoot,b94fb282-2e38-4ada-9ea5-6bd3ae2dc079,Кикерные котики,2a7b3d01-2a0a-48b2-8369-2d70465d5f70,21eb92b8-f4d5-4741-9a13-71ca052ebffa,d4edc5e0-585c-4bfa-98dd-660278946f1d,3bf0504b-9ac3-424f-9378-69c3e059bb4a;0838f553-0966-4ed3-974e-d04df5828558,2155431a-f123-46e0-b2c5-25b166b8c9a7,416dbaf3-e2f4-4d2d-a183-41ca25884aea;6eb26bed-faba-4067-b3ec-2e66759ed889,674d1dac-45f8-4c9d-baf1-f11c99cbbd1c,6,3
4c673788-e916-4dc7-8767-09129dfd81e5,2023-11-22,22.11.2023 Shoot 'n Scoot - Кикерные котики,Shoot 'n Scoot,b94fb282-2e38-4ada-9ea5-6bd3ae2dc079,Кикерные котики,2a7b3d01-2a0a-48b2-8369-2d70465d5f70,342dc5e3-0e57-4cde-8770-d4f0c565919e,adc166ce-bbf8-44ff-b596-b3ba3503184f,40088b33-1ed9-46a1-8879-64e35524b732,6b12d21a-35a3-435f-9ab8-df883ccea210,416dbaf3-e2f4-4d2d-a183-41ca25884aea,ae6fc7ba-30e6-4646-93ec-8b21f9e8adb4,6,3
4c673788-e916-4dc7-8767-09129dfd81e5,2023-11-22,22.11.2023 Shoot 'n Scoot - Кикерные котики,Shoot 'n Scoot,b94fb282-2e38-4ada-9ea5-6bd3ae2dc079,Кикерные котики,2a7b3d01-2a0a-48b2-8369-2d70465d5f70,3ae6c823-c492-4bc4-85ac-ddf3d2fbecfa,5fbdbce2-e51d-462e-9bdf-2f662e2d2e26,8384440e-561d-4868-a34a-9e40a23eec69,5f17c776-1b62-4455-b796-89b88ff72a1d,6eb26bed-faba-4067-b3ec-2e66759ed889,9671dde1-141b-480f-a433-1104d8d40fc2,6,2
4c673788-e916-4dc7-8767-09129dfd81e5,2023-11-22,22.11.2023 Shoot 'n Scoot - Кикерные котики,Shoot 'n Scoot,b94fb282-2e38-4ada-9ea5-6bd3ae2dc079,Кикерные котики,2a7b3d01-2a0a-48b2-8369-2d70465d5f70,27b1e350-83ad-48cf-b4ce-4fb10204231d,931fd6bc-fa20-4d8c-a371-095956f055a2,3bf0504b-9ac3-424f-9378-69c3e059bb4a;fb1d9552-a406-4eec-8895-47ade1abce2b,3ebb40e0-7843-4f56-bb15-1897c7443dc1,162fe512-e0aa-48f7-a092-c69e30ff8ec7;e3093e6a-0a17-4b37-a5c7-adca7759a38f,b75b91e3-fbf9-4d08-92b8-d4effcc8b946,6,11
a8e9140a-e4e5-4ade-94df-dcbe4d4fe4b5,2023-11-22,22.11.2023 Old School - Кикерные котики,Old school,47559a69-d786-4f03-898e-5a1f45d9113b,Кикерные котики,2a7b3d01-2a0a-48b2-8369-2d70465d5f70,e2a30789-00ac-48ff-94e0-e4273b9b5ee4,aaa0b3f4-e8f0-45c1-8260-0fb500a3881f,bcc34bb4-00d4-47b1-ad21-1c51289450c2;6e3723eb-8d29-4feb-bbc5-7ef845ac2d49,0b0740ef-06d4-4464-9bfa-b9808c96f10f,416dbaf3-e2f4-4d2d-a183-41ca25884aea;6eb26bed-faba-4067-b3ec-2e66759ed889,dea0c606-c859-4fd6-a9c0-ccd733f9a61a,6,3
a8e9140a-e4e5-4ade-94df-dcbe4d4fe4b5,2023-11-22,22.11.2023 Old School - Кикерные котики,Old school,47559a69-d786-4f03-898e-5a1f45d9113b,Кикерные котики,2a7b3d01-2a0a-48b2-8369-2d70465d5f70,d0c537a6-2e7b-4bdc-97e7-526efb65b8b9,474fac1f-281b-437a-b00a-9bc3e505d0e4,e40c04e8-cc38-481e-b4b0-0a4e0cfc1df5;25238906-6419-4fb7-a3f8-e2fe4f9d7930,ef3bcaf8-d0ee-4e4c-ae9c-2afb941274f3,162fe512-e0aa-48f7-a092-c69e30ff8ec7;e3093e6a-0a17-4b37-a5c7-adca7759a38f,e37dd9a0-23d0-45bf-a667-30138b65937f,4,9
a8e9140a-e4e5-4ade-94df-dcbe4d4fe4b5,2023-11-22,22.11.2023 Old School - Кикерные котики,Old school,47559a69-d786-4f03-898e-5a1f45d9113b,Кикерные котики,2a7b3d01-2a0a-48b2-8369-2d70465d5f70,62a677fd-a3e7-4936-adfd-ce91b0a75dfe,f46485ef-0702-4c5a-b1be-650e5eca8d44,6e3723eb-8d29-4feb-bbc5-7ef845ac2d49,7560f5f8-b919-435a-b561-b6e3a9d4b143,416dbaf3-e2f4-4d2d-a183-41ca25884aea,08402f26-1c2d-46f3-8579-f8085bb1f956,8,2
a8e9140a-e4e5-4ade-94df-dcbe4d4fe4b5,2023-11-22,22.11.2023 Old School - Кикерные котики,Old school,47559a69-d786-4f03-898e-5a1f45d9113b,Кикерные котики,2a7b3d01-2a0a-48b2-8369-2d70465d5f70,8b0d2422-6d9e-41f6-90f4-89bcec2a8621,b1bf8068-3538-4fb5-8f38-5464acd68b13,e40c04e8-cc38-481e-b4b0-0a4e0cfc1df5,5d16498b-065c-4e43-afad-e37a55341e3f,6eb26bed-faba-4067-b3ec-2e66759ed889,c859c409-c8b7-4122-aeb6-8f2351a3adf3,6,2
a8e9140a-e4e5-4ade-94df-dcbe4d4fe4b5,2023-11-22,22.11.2023 Old School - Кикерные котики,Old school,47559a69-d786-4f03-898e-5a1f45d9113b,Кикерные котики,2a7b3d01-2a0a-48b2-8369-2d70465d5f70,471c1995-823f-472b-909a-ea39a1c19ac8,ec2203c5-d525-449d-bc7e-10ffda11c8a7,56db5f1c-8c34-42c9-933c-04c33f8c96fc;25238906-6419-4fb7-a3f8-e2fe4f9d7930,2ae6f8a4-6876-4984-bf2e-78585f0b7334,162fe512-e0aa-48f7-a092-c69e30ff8ec7;e3093e6a-0a17-4b37-a5c7-adca7759a38f,1b0dc856-55d7-4fc3-a71f-aa7bce50ca1e,5,14
5d4e4ad0-1709-4a6a-82c1-fd5ab48910fc,2023-12-08,8.12.2023 Sheeesh! - Шашки наголо,Sheeesh!,fdc44df0-9710-48bc-88ff-c7cabd05840f,Шашки наголо,c2a70d74-b18c-4082-826f-11cca698c2a3,58be218b-d47f-45ae-956f-4cdbcfc02393,730d763b-0407-49dc-8abf-8a129a044b97,a3588e26-71ac-47e8-80ee-f7b1c27ed097;149742ee-776a-4cd2-9a9c-1bd54dec738a,2c2152fc-94df-4436-b553-70f1379b29bd,8c4193fe-0ca0-4d34-ad58-654c1690fe63;15f1f778-e063-47d5-83b6-e6384d7537d5,1d3a2824-d88a-4dc2-a4fc-57171333973f,3,6
5d4e4ad0-1709-4a6a-82c1-fd5ab48910fc,2023-12-08,8.12.2023 Sheeesh! - Шашки наголо,Sheeesh!,fdc44df0-9710-48bc-88ff-c7cabd05840f,Шашки наголо,c2a70d74-b18c-4082-826f-11cca698c2a3,edd8951e-db97-44bb-bba7-74a92826e612,a7784596-debf-43f5-b7d4-acfda5ffb5a9,8c75f19d-c03a-4c3f-b862-8cb0048cf47a;046e210d-d81d-450b-ad1e-cf2d622a3325,baa2c968-570c-4405-bd96-76a974ec5e7c,3e2569ce-5760-4e74-a2ca-65fa54a7a621;d9501812-1dd3-4f41-88e9-afdcc206a074,c9bcb8e2-a84b-4c09-88fc-46e72e2c7f27,9,5
5d4e4ad0-1709-4a6a-82c1-fd5ab48910fc,2023-12-08,8.12.2023 Sheeesh! - Шашки наголо,Sheeesh!,fdc44df0-9710-48bc-88ff-c7cabd05840f,Шашки наголо,c2a70d74-b18c-4082-826f-11cca698c2a3,41d8681b-37fd-43ce-a26c-7fcc6d7c8794,39117b9f-992a-440c-9fd3-58d4a8c2faef,149742ee-776a-4cd2-9a9c-1bd54dec738a,8b364620-1fe1-4dbf-a41f-60254fa688fa,5a57a28e-c702-4b19-b82c-d8bb4faa5796,5e9aca8e-3f35-4f01-9fea-e7015e631e45,1,7
5d4e4ad0-1709-4a6a-82c1-fd5ab48910fc,2023-12-08,8.12.2023 Sheeesh! - Шашки наголо,Sheeesh!,fdc44df0-9710-48bc-88ff-c7cabd05840f,Шашки наголо,c2a70d74-b18c-4082-826f-11cca698c2a3,92db643e-9c3c-42e1-8987-c8eee909ec98,7b221139-32bb-448d-8999-75c78c377838,046e210d-d81d-450b-ad1e-cf2d622a3325,3edcaae5-0e1c-490c-8683-7505d2b6d559,3e2569ce-5760-4e74-a2ca-65fa54a7a621,1ec3788e-d0fa-4ab5-aa3d-cd2bb7b2c7ac,3,6
5d4e4ad0-1709-4a6a-82c1-fd5ab48910fc,2023-12-08,8.12.2023 Sheeesh! - Шашки наголо,Sheeesh!,fdc44df0-9710-48bc-88ff-c7cabd05840f,Шашки наголо,c2a70d74-b18c-4082-826f-11cca698c2a3,a9a704c0-f147-4b01-93f8-4bff4b9e2590,c46534cd-2fe0-4029-adc8-664299ad12bf,a3588e26-71ac-47e8-80ee-f7b1c27ed097;8c75f19d-c03a-4c3f-b862-8cb0048cf47a,8fda9b74-bc23-4d68-8753-dc343ec0bb95,15f1f778-e063-47d5-83b6-e6384d7537d5;d9501812-1dd3-4f41-88e9-afdcc206a074,1308c09f-ee9a-46e6-b381-9f471847287b,7,6
10bc7b72-3334-4892-a256-a952eb0891b0,2023-12-14,14.12.2023 18:00:00 Кикерные котики - Shoot 'n Scoot,Кикерные котики,2a7b3d01-2a0a-48b2-8369-2d70465d5f70,Shoot 'n Scoot,b94fb282-2e38-4ada-9ea5-6bd3ae2dc079,24f71d06-6476-4d5f-8c55-e332061087dd,f4052cd7-4109-4231-af09-55c68e277191,a9c89a9d-7e08-4bea-808f-5654867f9f20;3348bb57-ed10-4245-b1f0-62c27f64492b,70ddb3df-27a0-4707-91ea-f8611e296d2c,8384440e-561d-4868-a34a-9e40a23eec69;004c7725-49f8-4cb0-ab9e-5d992feeb587,ab167622-eba5-47e8-8b81-2c8cd3546c83,2,6
10bc7b72-3334-4892-a256-a952eb0891b0,2023-12-14,14.12.2023 18:00:00 Кикерные котики - Shoot 'n Scoot,Кикерные котики,2a7b3d01-2a0a-48b2-8369-2d70465d5f70,Shoot 'n Scoot,b94fb282-2e38-4ada-9ea5-6bd3ae2dc079,0dfdb735-23fb-477b-8aae-d475490edc45,2f196bf6-f8ea-49b5-9ff4-3dafe58ba8fb,162fe512-e0aa-48f7-a092-c69e30ff8ec7;e3093e6a-0a17-4b37-a5c7-adca7759a38f,10c0dcda-e2a5-4a51-b437-e72d94060e35,3bf0504b-9ac3-424f-9378-69c3e059bb4a;fb1d9552-a406-4eec-8895-47ade1abce2b,f47791a4-df30-4feb-a6bf-4c4e4f1b260f,6,6
10bc7b72-3334-4892-a256-a952eb0891b0,2023-12-14,14.12.2023 18:00:00 Кикерные котики - Shoot 'n Scoot,Кикерные котики,2a7b3d01-2a0a-48b2-8369-2d70465d5f70,Shoot 'n Scoot,b94fb282-2e38-4ada-9ea5-6bd3ae2dc079,73442dbe-9f97-4e7c-8c20-116a3bdbfc88,92778d93-67ac-469f-a582-6da215bcc308,6eb26bed-faba-4067-b3ec-2e66759ed889,4fa92035-bc4c-4abb-99e8-1a8cc0e9bf4f,0838f553-0966-4ed3-974e-d04df5828558,8fdd433f-6001-46df-8024-0b5569567c5e,10,4
10bc7b72-3334-4892-a256-a952eb0891b0,2023-12-14,14.12.2023 18:00:00 Кикерные котики - Shoot 'n Scoot,Кикерные котики,2a7b3d01-2a0a-48b2-8369-2d70465d5f70,Shoot 'n Scoot,b94fb282-2e38-4ada-9ea5-6bd3ae2dc079,a2af1ff2-83a9-4113-8e05-c897f36b5ae9,51a1e30e-00f1-40d2-a882-edd5d4ba0307,e3093e6a-0a17-4b37-a5c7-adca7759a38f,c8b4120f-edc7-4050-a0b8-f20a6021074b,fb1d9552-a406-4eec-8895-47ade1abce2b,c9b91be2-1fcb-42a9-9009-e6095ffce08e,6,1
10bc7b72-3334-4892-a256-a952eb0891b0,2023-12-14,14.12.2023 18:00:00 Кикерные котики - Shoot 'n Scoot,Кикерные котики,2a7b3d01-2a0a-48b2-8369-2d70465d5f70,Shoot 'n Scoot,b94fb282-2e38-4ada-9ea5-6bd3ae2dc079,d02fdf4c-8aa2-4a51-89dc-24ff17ba3f60,e6a736b9-76db-44f1-89c3-370bb1a35375,162fe512-e0aa-48f7-a092-c69e30ff8ec7;416dbaf3-e2f4-4d2d-a183-41ca25884aea,386da7fe-616f-40fe-a752-83299332d033,8384440e-561d-4868-a34a-9e40a23eec69;3bf0504b-9ac3-424f-9378-69c3e059bb4a,66d0315a-1624-4392-99ee-0c8bb34f5e0c,6,6
073546ed-011b-4e72-86f3-b7a36fd37bab,2024-01-17,17.01.2024 18:00:00 - Кикерные котики - Old School,Кикерные котики,2a7b3d01-2a0a-48b2-8369-2d70465d5f70,Old school,47559a69-d786-4f03-898e-5a1f45d9113b,233ae443-cf9e-49d8-9d36-10e12f21a0b2,b1846e82-930e-4f0d-8353-f6836f37882b,a9c89a9d-7e08-4bea-808f-5654867f9f20;6eb26bed-faba-4067-b3ec-2e66759ed889,a29898a7-7dce-4c92-8fe4-ebedf3367a8e,56db5f1c-8c34-42c9-933c-04c33f8c96fc;04bd64a3-d9d3-4c11-88fd-cbf4a629db43,cc7d5824-3aa5-4534-a86b-f1b06fe1c193,3,6
073546ed-011b-4e72-86f3-b7a36fd37bab,2024-01-17,17.01.2024 18:00:00 - Кикерные котики - Old School,Кикерные котики,2a7b3d01-2a0a-48b2-8369-2d70465d5f70,Old school,47559a69-d786-4f03-898e-5a1f45d9113b,d8eb15aa-2090-4380-9e5f-c3b4db5eb2f4,eff9ebc3-ef2c-4e6d-833b-8a60ab2834cb,162fe512-e0aa-48f7-a092-c69e30ff8ec7;e3093e6a-0a17-4b37-a5c7-adca7759a38f,67608355-8690-4eed-a464-992d4091149d,bcc34bb4-00d4-47b1-ad21-1c51289450c2;25238906-6419-4fb7-a3f8-e2fe4f9d7930,f0ab4153-c30f-4061-930f-d6d53a3d6536,9,1
073546ed-011b-4e72-86f3-b7a36fd37bab,2024-01-17,17.01.2024 18:00:00 - Кикерные котики - Old School,Кикерные котики,2a7b3d01-2a0a-48b2-8369-2d70465d5f70,Old school,47559a69-d786-4f03-898e-5a1f45d9113b,37352e61-f644-480d-9c10-3027756a9b31,52a9ffa8-72bf-4318-ab03-44095023dce3,3348bb57-ed10-4245-b1f0-62c27f64492b,2237f76f-4e96-47ae-a366-b30c3d54c8b0,bcc34bb4-00d4-47b1-ad21-1c51289450c2,ae645d7d-f107-4122-9086-89c1bc0d8531,6,9
073546ed-011b-4e72-86f3-b7a36fd37bab,2024-01-17,17.01.2024 18:00:00 - Кикерные котики - Old School,Кикерные котики,2a7b3d01-2a0a-48b2-8369-2d70465d5f70,Old school,47559a69-d786-4f03-898e-5a1f45d9113b,fd11a7e6-bb00-45df-9948-eb45586a8bf4,cfccff31-8c13-41c3-9456-d693e8d3b86a,6eb26bed-faba-4067-b3ec-2e66759ed889,20c0c789-537b-49da-9a91-c4a054b8650c,04bd64a3-d9d3-4c11-88fd-cbf4a629db43,cf572241-a90c-4e8d-a656-68a2f6918ceb,6,2
073546ed-011b-4e72-86f3-b7a36fd37bab,2024-01-17,17.01.2024 18:00:00 - Кикерные котики - Old School,Кикерные котики,2a7b3d01-2a0a-48b2-8369-2d70465d5f70,Old school,47559a69-d786-4f03-898e-5a1f45d9113b,103c77ea-9007-4254-a482-c1a9f9cb2bc1,2ee00ff2-9f44-4a5d-b07c-247e5421dc97,162fe512-e0aa-48f7-a092-c69e30ff8ec7;e3093e6a-0a17-4b37-a5c7-adca7759a38f,0a7c6435-f830-4cc1-b910-ec38408b8325,e40c04e8-cc38-481e-b4b0-0a4e0cfc1df5;25238906-6419-4fb7-a3f8-e2fe4f9d7930,73128e72-df18-44b3-904f-4b08e6d177f5,6,1
cf83d171-197a-4da4-9b7d-0e2adfbf2925,2024-01-18,18.01.2024 17:00:00 Шашки наголо - Shoot 'n Scoot,Шашки наголо,c2a70d74-b18c-4082-826f-11cca698c2a3,Shoot 'n Scoot,b94fb282-2e38-4ada-9ea5-6bd3ae2dc079,c6eeb2f7-1f39-407e-8869-385ba3ce4b24,b6728239-b754-4bf5-ad9f-2ce527d128d7,5a57a28e-c702-4b19-b82c-d8bb4faa5796;8c4193fe-0ca0-4d34-ad58-654c1690fe63,de33b20e-3aae-40fb-be1f-2bcef8642cbd,8384440e-561d-4868-a34a-9e40a23eec69;004c7725-49f8-4cb0-ab9e-5d992feeb587,f3fc7134-18b4-428e-bb62-01d6315b220c,2,6
cf83d171-197a-4da4-9b7d-0e2adfbf2925,2024-01-18,18.01.2024 17:00:00 Шашки наголо - Shoot 'n Scoot,Шашки наголо,c2a70d74-b18c-4082-826f-11cca698c2a3,Shoot 'n Scoot,b94fb282-2e38-4ada-9ea5-6bd3ae2dc079,a37eb85e-2fe9-4b94-8024-02e97e17080d,1e4ad7fa-5c29-4750-af08-415ddc287e2e,3e2569ce-5760-4e74-a2ca-65fa54a7a621;15f1f778-e063-47d5-83b6-e6384d7537d5,96deebc0-49db-4c59-aa10-cf3029520913,3bf0504b-9ac3-424f-9378-69c3e059bb4a;0838f553-0966-4ed3-974e-d04df5828558,da2b459e-0564-494e-bd21-3e27861805b1,3,6
cf83d171-197a-4da4-9b7d-0e2adfbf2925,2024-01-18,18.01.2024 17:00:00 Шашки наголо - Shoot 'n Scoot,Шашки наголо,c2a70d74-b18c-4082-826f-11cca698c2a3,Shoot 'n Scoot,b94fb282-2e38-4ada-9ea5-6bd3ae2dc079,49a9a85e-43e1-43b6-8712-cef28fcaff77,c8d5a245-8e05-4c9b-b882-be87d45f0012,491f9f97-6487-4632-a836-f184d91aaf82,edef3b0b-a9ce-4713-94b3-f509b502e643,40088b33-1ed9-46a1-8879-64e35524b732,85fa8b60-f9d6-4a12-a365-c0c4dd08508e,5,6
cf83d171-197a-4da4-9b7d-0e2adfbf2925,2024-01-18,18.01.2024 17:00:00 Шашки наголо - Shoot 'n Scoot,Шашки наголо,c2a70d74-b18c-4082-826f-11cca698c2a3,Shoot 'n Scoot,b94fb282-2e38-4ada-9ea5-6bd3ae2dc079,d8a89c64-628e-453a-a81c-c2a8df20860f,d0897c36-ca28-4a56-aa4c-21dba4397c36,3e2569ce-5760-4e74-a2ca-65fa54a7a621,1b3bed10-3d90-4097-a8ec-7661856772f1,8384440e-561d-4868-a34a-9e40a23eec69,f41adc28-517b-4f62-bc65-00dcbd5c341b,5,6
cf83d171-197a-4da4-9b7d-0e2adfbf2925,2024-01-18,18.01.2024 17:00:00 Шашки наголо - Shoot 'n Scoot,Шашки наголо,c2a70d74-b18c-4082-826f-11cca698c2a3,Shoot 'n Scoot,b94fb282-2e38-4ada-9ea5-6bd3ae2dc079,d0dd4c68-d8b9-460f-9926-618ec1c7d0bd,d1ab8865-0014-4645-a9ce-7da9af6f4fd0,15f1f778-e063-47d5-83b6-e6384d7537d5;d9501812-1dd3-4f41-88e9-afdcc206a074,b391fb06-dad9-4beb-bf3e-e97aa67b5a45,3bf0504b-9ac3-424f-9378-69c3e059bb4a;fb1d9552-a406-4eec-8895-47ade1abce2b,2f1472c0-902a-475f-8760-17357d224c8f,8,6
a0b99558-530f-4c22-9102-bddfb8b869e2,2024-01-24,24.12.2024 Ыкырламырка - Shoot 'n Scoot,ЫкЫрлЫмЫрка,1e9c8ea2-a389-4971-a7ca-1c95bde6f603,Shoot 'n Scoot,b94fb282-2e38-4ada-9ea5-6bd3ae2dc079,c5f2f5b4-3aee-4b14-8eba-0c75c993edc1,6c52db4f-688e-414f-b2a2-95940ed1fb67,0b3700ad-c8a0-45ce-bfcb-53f574a5f0e6;f93b5e8a-0b54-4ab5-9508-bb6f07c21886,5ec9f0f1-8f4d-4d19-8009-89643eaea98c,8384440e-561d-4868-a34a-9e40a23eec69;004c7725-49f8-4cb0-ab9e-5d992feeb587,0c54d2cb-d6d6-4c67-94e1-0913ddc511b1,5,6
a0b99558-530f-4c22-9102-bddfb8b869e2,2024-01-24,24.12.2024 Ыкырламырка - Shoot 'n Scoot,ЫкЫрлЫмЫрка,1e9c8ea2-a389-4971-a7ca-1c95bde6f603,Shoot 'n Scoot,b94fb282-2e38-4ada-9ea5-6bd3ae2dc079,fe5fd4ec-a418-4903-a5ad-d978c431fc0c,a5a27ab6-a11b-4494-afe0-3ad5eb19e0a9,ad6385c6-752d-485e-b43b-d79e947178cf;df0b8dea-b5da-4024-8d1d-71f6875193b4,fdd5f391-1aa8-440a-846e-763520595d95,3bf0504b-9ac3-424f-9378-69c3e059bb4a;0838f553-0966-4ed3-974e-d04df5828558,65418ac6-44fd-4bc3-a63b-ba1aca04e5f8,7,4
a0b99558-530f-4c22-9102-bddfb8b869e2,2024-01-24,24.12.2024 Ыкырламырка - Shoot 'n Scoot,ЫкЫрлЫмЫрка,1e9c8ea2-a389-4971-a7ca-1c95bde6f603,Shoot 'n Scoot,b94fb282-2e38-4ada-9ea5-6bd3ae2dc079,94697333-6583-421d-b2d2-d7d03102646d,8c865db5-398b-45a8-9863-846141b617a1,79c4db75-ccbf-4cc0-96df-00f03a498f8e,bdc98adc-2de2-4146-b767-d2df29c32e12,40088b33-1ed9-46a1-8879-64e35524b732,ec95ed54-d145-4899-9e0d-0c2b3572bb3e,4,8
a0b99558-530f-4c22-9102-bddfb8b869e2,2024-01-24,24.12.2024 Ыкырламырка - Shoot 'n Scoot,ЫкЫрлЫмЫрка,1e9c8ea2-a389-4971-a7ca-1c95bde6f603,Shoot 'n Scoot,b94fb282-2e38-4ada-9ea5-6bd3ae2dc079,35da5157-059b-4d49-a4fa-d2961c33fce2,e1d19b27-625d-47b0-96b3-c7f760b0fcf8,0b3700ad-c8a0-45ce-bfcb-53f574a5f0e6,02fd70fc-72ae-405e-83fd-81c3c9b779cf,8384440e-561d-4868-a34a-9e40a23eec69,2d100f91-2273-46e5-8245-680d61600096,1,6
a0b99558-530f-4c22-9102-bddfb8b869e2,2024-01-24,24.12.2024 Ыкырламырка - Shoot 'n Scoot,ЫкЫрлЫмЫрка,1e9c8ea2-a389-4971-a7ca-1c95bde6f603,Shoot 'n Scoot,b94fb282-2e38-4ada-9ea5-6bd3ae2dc079,0b398efb-ee52-4768-837f-f4fe769acb7c,e64e426e-fe1e-47c0-ad14-891b5426fcd8,df0b8dea-b5da-4024-8d1d-71f6875193b4;f93b5e8a-0b54-4ab5-9508-bb6f07c21886,c5759b2b-7342-456f-973b-87c2b36bad52,3bf0504b-9ac3-424f-9378-69c3e059bb4a;fb1d9552-a406-4eec-8895-47ade1abce2b,08da4692-2d0d-4b44-a87e-29e6a80e9b95,13,5
0a5a6287-d780-4225-9a35-5c998b30abfa,2024-01-25,25.01.2024 17:00:00 Sheeesh! - Кикерные Котики,Sheeesh!,fdc44df0-9710-48bc-88ff-c7cabd05840f,Кикерные котики,2a7b3d01-2a0a-48b2-8369-2d70465d5f70,7eb94ce9-05a1-40b9-948d-ad137fc63113,9742499e-16fc-4df9-9fd2-fb2b85ba603f,a3588e26-71ac-47e8-80ee-f7b1c27ed097;90a3a1b4-4769-4317-9483-5325316556ac,c613bb3a-ddc4-4ed7-950a-4e42e2f78558,3348bb57-ed10-4245-b1f0-62c27f64492b;416dbaf3-e2f4-4d2d-a183-41ca25884aea,999a297d-c900-49f1-86d4-0e6e0d194534,6,2
0a5a6287-d780-4225-9a35-5c998b30abfa,2024-01-25,25.01.2024 17:00:00 Sheeesh! - Кикерные Котики,Sheeesh!,fdc44df0-9710-48bc-88ff-c7cabd05840f,Кикерные котики,2a7b3d01-2a0a-48b2-8369-2d70465d5f70,47571c9a-4f38-47dc-a29c-5315cddc98be,b261973e-8ebb-4861-80b8-ce44b4a277c2,8c75f19d-c03a-4c3f-b862-8cb0048cf47a;046e210d-d81d-450b-ad1e-cf2d622a3325,ed27770c-3626-48a8-9e83-5b1538d2a8fc,162fe512-e0aa-48f7-a092-c69e30ff8ec7;e3093e6a-0a17-4b37-a5c7-adca7759a38f,bd1c7df7-fd2b-4de1-afe7-cb8e901e4905,6,7
0a5a6287-d780-4225-9a35-5c998b30abfa,2024-01-25,25.01.2024 17:00:00 Sheeesh! - Кикерные Котики,Sheeesh!,fdc44df0-9710-48bc-88ff-c7cabd05840f,Кикерные котики,2a7b3d01-2a0a-48b2-8369-2d70465d5f70,2713064f-b0ff-486d-98f4-2539c93fca55,7535d7d6-528e-49a5-9aab-e0a63eef7375,90a3a1b4-4769-4317-9483-5325316556ac,9918308a-21cb-43e6-8aa9-24b388ba6b18,a9c89a9d-7e08-4bea-808f-5654867f9f20,cb0167a3-ce2d-4eaa-be48-e243489a2901,6,2
0a5a6287-d780-4225-9a35-5c998b30abfa,2024-01-25,25.01.2024 17:00:00 Sheeesh! - Кикерные Котики,Sheeesh!,fdc44df0-9710-48bc-88ff-c7cabd05840f,Кикерные котики,2a7b3d01-2a0a-48b2-8369-2d70465d5f70,66d3076d-173d-42a3-b6fa-0e5ad10f4622,99f3204d-ae0f-4770-b7c0-985429b716a9,046e210d-d81d-450b-ad1e-cf2d622a3325,9f11c628-b283-460a-82a5-ba585738de66,416dbaf3-e2f4-4d2d-a183-41ca25884aea,2b71bbb9-6417-4a8c-8f6d-37ffe5772cf5,6,3
0a5a6287-d780-4225-9a35-5c998b30abfa,2024-01-25,25.01.2024 17:00:00 Sheeesh! - Кикерные Котики,Sheeesh!,fdc44df0-9710-48bc-88ff-c7cabd05840f,Кикерные котики,2a7b3d01-2a0a-48b2-8369-2d70465d5f70,9b346088-bd63-4656-bc91-dc68c469778a,33deb7d0-b7b8-45fc-af90-e3dba246dfde,a3588e26-71ac-47e8-80ee-f7b1c27ed097;8c75f19d-c03a-4c3f-b862-8cb0048cf47a,1e342b2e-6179-48b7-92a5-fc4077d952ec,162fe512-e0aa-48f7-a092-c69e30ff8ec7;e3093e6a-0a17-4b37-a5c7-adca7759a38f,f50e8a31-0676-4a2d-9dcd-354c21fb69ab,6,2
61246a0f-1edf-47de-a7a2-5dd2d6665fc3,2024-01-25,25.01.2024 18:00:00 Кикерные котики - Шашки наголо,Кикерные котики,2a7b3d01-2a0a-48b2-8369-2d70465d5f70,Шашки наголо,c2a70d74-b18c-4082-826f-11cca698c2a3,eff024f5-bd2a-4c27-b7e5-4bd4e2caedb3,a6c6912d-5faf-468b-9fda-3b65bbb71eb4,a9c89a9d-7e08-4bea-808f-5654867f9f20;416dbaf3-e2f4-4d2d-a183-41ca25884aea,d6fa30e3-1787-41ea-bdd4-b8556736affd,5a57a28e-c702-4b19-b82c-d8bb4faa5796;8c4193fe-0ca0-4d34-ad58-654c1690fe63,728d151d-6cb5-4297-aad7-dfc1016e603c,2,6
61246a0f-1edf-47de-a7a2-5dd2d6665fc3,2024-01-25,25.01.2024 18:00:00 Кикерные котики - Шашки наголо,Кикерные котики,2a7b3d01-2a0a-48b2-8369-2d70465d5f70,Шашки наголо,c2a70d74-b18c-4082-826f-11cca698c2a3,df084a8f-f4bd-4798-a92a-dbf957033164,b617899c-6c6b-4ca1-8f07-a0529759a3b3,162fe512-e0aa-48f7-a092-c69e30ff8ec7;e3093e6a-0a17-4b37-a5c7-adca7759a38f,d52cd385-0e52-474f-ba15-74033b764704,3e2569ce-5760-4e74-a2ca-65fa54a7a621;15f1f778-e063-47d5-83b6-e6384d7537d5,7c6a9386-8ab6-41ca-957e-a9646fe5129a,4,6
61246a0f-1edf-47de-a7a2-5dd2d6665fc3,2024-01-25,25.01.2024 18:00:00 Кикерные котики - Шашки наголо,Кикерные котики,2a7b3d01-2a0a-48b2-8369-2d70465d5f70,Шашки наголо,c2a70d74-b18c-4082-826f-11cca698c2a3,f194c673-9c6a-4c3c-993a-cf1c18a2c0e4,4a9791ea-41c8-4808-af4f-059dee357317,3348bb57-ed10-4245-b1f0-62c27f64492b,be8e9682-b82b-4a72-b343-d2cb6f26629d,8c4193fe-0ca0-4d34-ad58-654c1690fe63,a18222d9-7a98-4b05-9cb4-94454cc9ca43,3,6
61246a0f-1edf-47de-a7a2-5dd2d6665fc3,2024-01-25,25.01.2024 18:00:00 Кикерные котики - Шашки наголо,Кикерные котики,2a7b3d01-2a0a-48b2-8369-2d70465d5f70,Шашки наголо,c2a70d74-b18c-4082-826f-11cca698c2a3,678db657-90c7-4e5b-982e-bd5f06b79261,6cf0a1b1-0375-40e1-aaab-7035022bdb5d,416dbaf3-e2f4-4d2d-a183-41ca25884aea,a7a47b48-5745-4f80-95bd-f66899f663e4,5a57a28e-c702-4b19-b82c-d8bb4faa5796,6c1a438d-506f-433b-a619-c93c396288b9,4,6
61246a0f-1edf-47de-a7a2-5dd2d6665fc3,2024-01-25,25.01.2024 18:00:00 Кикерные котики - Шашки наголо,Кикерные котики,2a7b3d01-2a0a-48b2-8369-2d70465d5f70,Шашки наголо,c2a70d74-b18c-4082-826f-11cca698c2a3,a7c15fa7-e88d-446c-a109-a8259457413b,2efcf059-878b-4c51-a022-e03e73a4fd71,162fe512-e0aa-48f7-a092-c69e30ff8ec7;e3093e6a-0a17-4b37-a5c7-adca7759a38f,f8eb81e8-f8fc-4ebe-9102-07c9285cd591,3e2569ce-5760-4e74-a2ca-65fa54a7a621;15f1f778-e063-47d5-83b6-e6384d7537d5,410e9e98-3bc4-446f-8759-4d1e33d5bf05,8,6
ae6237a2-3f37-45e3-996c-91f0a4e5730d,2024-01-25,25.01.2024 17:00:00 Sheeesh! - Shoot 'n Scoot,Sheeesh!,fdc44df0-9710-48bc-88ff-c7cabd05840f,Shoot 'n Scoot,b94fb282-2e38-4ada-9ea5-6bd3ae2dc079,2baf6d4c-2fa7-464b-b72f-5314f1acb55a,6a4bba5a-1234-41a1-9ef7-f2291df77fb3,a3588e26-71ac-47e8-80ee-f7b1c27ed097;90a3a1b4-4769-4317-9483-5325316556ac,d5073678-ce93-4b69-81d7-0cdaac4fa770,8384440e-561d-4868-a34a-9e40a23eec69;40088b33-1ed9-46a1-8879-64e35524b732,554c77a1-fa3b-4c2f-af2d-9c25094d49ad,2,6
ae6237a2-3f37-45e3-996c-91f0a4e5730d,2024-01-25,25.01.2024 17:00:00 Sheeesh! - Shoot 'n Scoot,Sheeesh!,fdc44df0-9710-48bc-88ff-c7cabd05840f,Shoot 'n Scoot,b94fb282-2e38-4ada-9ea5-6bd3ae2dc079,f0dd338b-89d4-4df2-b581-9df0e5efff83,6c41950d-94a0-44d8-9ad2-2f33466fc8ef,8c75f19d-c03a-4c3f-b862-8cb0048cf47a;046e210d-d81d-450b-ad1e-cf2d622a3325,fdd76257-01c0-43ae-9946-d89819fb63d8,3bf0504b-9ac3-424f-9378-69c3e059bb4a;fb1d9552-a406-4eec-8895-47ade1abce2b,4b00cca0-eabc-4ced-8a1a-61f99923b86c,7,6
ae6237a2-3f37-45e3-996c-91f0a4e5730d,2024-01-25,25.01.2024 17:00:00 Sheeesh! - Shoot 'n Scoot,Sheeesh!,fdc44df0-9710-48bc-88ff-c7cabd05840f,Shoot 'n Scoot,b94fb282-2e38-4ada-9ea5-6bd3ae2dc079,5a9a6b2e-65d6-4751-a6c4-1df00edcdb18,95191a18-e397-4e5a-97e8-ee7d850221e1,90a3a1b4-4769-4317-9483-5325316556ac,556416b2-23b9-4fc0-9b8a-231227932c01,8384440e-561d-4868-a34a-9e40a23eec69,e3055c7a-3fe9-4e67-ac8c-5c81e7752097,4,6
ae6237a2-3f37-45e3-996c-91f0a4e5730d,2024-01-25,25.01.2024 17:00:00 Sheeesh! - Shoot 'n Scoot,Sheeesh!,fdc44df0-9710-48bc-88ff-c7cabd05840f,Shoot 'n Scoot,b94fb282-2e38-4ada-9ea5-6bd3ae2dc079,7fc68a0d-b83f-41bd-9fa2-2a7784db646b,cd9959c9-ff03-48f2-8321-1b3cac660892,046e210d-d81d-450b-ad1e-cf2d622a3325,f90b736f-4f60-4963-a3de-20b7cbf80953,40088b33-1ed9-46a1-8879-64e35524b732,0a3587cc-e08f-44fd-866a-dcdb06e86f7b,7,6
ae6237a2-3f37-45e3-996c-91f0a4e5730d,2024-01-25,25.01.2024 17:00:00 Sheeesh! - Shoot 'n Scoot,Sheeesh!,fdc44df0-9710-48bc-88ff-c7cabd05840f,Shoot 'n Scoot,b94fb282-2e38-4ada-9ea5-6bd3ae2dc079,b8ad08ba-ce97-401d-8850-58591068874f,fc05ae90-59f5-4a59-95a5-c60255ca42b9,a3588e26-71ac-47e8-80ee-f7b1c27ed097;8c75f19d-c03a-4c3f-b862-8cb0048cf47a,a765da82-0977-415d-a8f6-c894867b1a4e,3bf0504b-9ac3-424f-9378-69c3e059bb4a;0838f553-0966-4ed3-974e-d04df5828558,71fb5b3f-4fd8-40c6-be09-7c276e5f8c0a,8,6
2d1f77c8-15f9-4f38-989b-33341829414a,2024-02-01,01.02.2024 18:00:00 Шашки наголо - Ыкырлымырка,Шашки наголо,c2a70d74-b18c-4082-826f-11cca698c2a3,ЫкЫрлЫмЫрка,1e9c8ea2-a389-4971-a7ca-1c95bde6f603,7bd51a0d-8bed-407e-a68d-e47c4b2ab2e7,04538954-a188-455b-b6d6-bb0490acb4a2,15f1f778-e063-47d5-83b6-e6384d7537d5;d9501812-1dd3-4f41-88e9-afdcc206a074,6f2f5c20-cd15-405a-905e-eb190dcbb868,a95a686a-c6da-4861-a0d6-87d8e34b1492;df0b8dea-b5da-4024-8d1d-71f6875193b4,be0e1cc7-d85d-4555-9ced-96f6751e1867,5,6
2d1f77c8-15f9-4f38-989b-33341829414a,2024-02-01,01.02.2024 18:00:00 Шашки наголо - Ыкырлымырка,Шашки наголо,c2a70d74-b18c-4082-826f-11cca698c2a3,ЫкЫрлЫмЫрка,1e9c8ea2-a389-4971-a7ca-1c95bde6f603,a6208998-b30a-4dfc-bc98-3b228467a0cf,edbf29c6-9ff1-41f4-a22f-2b2b6a46f63a,5a57a28e-c702-4b19-b82c-d8bb4faa5796;05fad159-2cd2-4729-9116-5e9e5ef6e04e,fa14270b-7f19-406b-870b-132a001401bf,ad6385c6-752d-485e-b43b-d79e947178cf;f93b5e8a-0b54-4ab5-9508-bb6f07c21886,7f2e4597-94ec-4a76-b983-12e010561801,2,6
2d1f77c8-15f9-4f38-989b-33341829414a,2024-02-01,01.02.2024 18:00:00 Шашки наголо - Ыкырлымырка,Шашки наголо,c2a70d74-b18c-4082-826f-11cca698c2a3,ЫкЫрлЫмЫрка,1e9c8ea2-a389-4971-a7ca-1c95bde6f603,055f5c17-e163-4011-bb9a-691df2f688c4,a8f2c93b-4fb0-4fdc-b876-e6fa77fe0a0b,8c4193fe-0ca0-4d34-ad58-654c1690fe63,c288b9cd-8a21-4b1c-ac02-665c8f8a06a6,79c4db75-ccbf-4cc0-96df-00f03a498f8e,9cb597cf-021c-487b-9f20-deeeb50271f3,8,6
2d1f77c8-15f9-4f38-989b-33341829414a,2024-02-01,01.02.2024 18:00:00 Шашки наголо - Ыкырлымырка,Шашки наголо,c2a70d74-b18c-4082-826f-11cca698c2a3,ЫкЫрлЫмЫрка,1e9c8ea2-a389-4971-a7ca-1c95bde6f603,323aa904-651f-4583-bb73-f3b542467264,8d28fdd2-710b-4f03-aebd-f31c2f9ad680,3e2569ce-5760-4e74-a2ca-65fa54a7a621,e6a9cfd1-2607-4dcc-abcc-4e3b3fce583b,df0b8dea-b5da-4024-8d1d-71f6875193b4,e16a439a-d424-4579-8397-088360568e0a,8,6
2d1f77c8-15f9-4f38-989b-33341829414a,2024-02-01,01.02.2024 18:00:00 Шашки наголо - Ыкырлымырка,Шашки наголо,c2a70d74-b18c-4082-826f-11cca698c2a3,ЫкЫрлЫмЫрка,1e9c8ea2-a389-4971-a7ca-1c95bde6f603,e88574f9-13dc-4e9e-bd04-3df70f9f445d,6e0f4a86-d33a-4ba9-b2f3-b8a1f8942c0c,5a57a28e-c702-4b19-b82c-d8bb4faa5796;15f1f778-e063-47d5-83b6-e6384d7537d5,315acdc4-f7a5-48b0-9fb5-62deab5ed278,0b3700ad-c8a0-45ce-bfcb-53f574a5f0e6;f93b5e8a-0b54-4ab5-9508-bb6f07c21886,0b0d2e40-7551-4a74-9ca2-b81fa1c42fbc,7,3
49860817-0904-4c80-8ead-2647101fa407,2024-02-01,01.02.2024 19:00:00 Шашки наголо - Old Scool,Шашки наголо,c2a70d74-b18c-4082-826f-11cca698c2a3,Old school,47559a69-d786-4f03-898e-5a1f45d9113b,227201d3-c611-4a0f-b389-871fc74a3b1b,eda5fca6-a0cf-4d57-999d-5d9f19a7aab5,5a57a28e-c702-4b19-b82c-d8bb4faa5796;3e2569ce-5760-4e74-a2ca-65fa54a7a621,c665ca8f-b086-4c11-be70-b2b431f07c4c,56db5f1c-8c34-42c9-933c-04c33f8c96fc;25238906-6419-4fb7-a3f8-e2fe4f9d7930,a866e92f-6b41-4701-8460-35ee2ef800c7,6,3
49860817-0904-4c80-8ead-2647101fa407,2024-02-01,01.02.2024 19:00:00 Шашки наголо - Old Scool,Шашки наголо,c2a70d74-b18c-4082-826f-11cca698c2a3,Old school,47559a69-d786-4f03-898e-5a1f45d9113b,ca059988-7996-4b51-9664-1430f5691f72,d5087682-95f6-4d93-8b10-e4f0dd5ee21b,15f1f778-e063-47d5-83b6-e6384d7537d5;d9501812-1dd3-4f41-88e9-afdcc206a074,6ff5bdbe-91c4-406a-ab38-4bdfe9abff98,04bd64a3-d9d3-4c11-88fd-cbf4a629db43;e40c04e8-cc38-481e-b4b0-0a4e0cfc1df5,d332f862-a758-4250-9ee8-9eb8efb6033a,5,9
49860817-0904-4c80-8ead-2647101fa407,2024-02-01,01.02.2024 19:00:00 Шашки наголо - Old Scool,Шашки наголо,c2a70d74-b18c-4082-826f-11cca698c2a3,Old school,47559a69-d786-4f03-898e-5a1f45d9113b,43af8752-9395-4278-9d87-85b6157bd8e7,25cc650d-25ea-4c93-b3ef-a6ee63d2e827,8c4193fe-0ca0-4d34-ad58-654c1690fe63,b95b089d-ce59-4614-9137-393ea6976273,56db5f1c-8c34-42c9-933c-04c33f8c96fc,8c1e47bc-db06-4b97-9876-7e93d2fa1b73,7,4
49860817-0904-4c80-8ead-2647101fa407,2024-02-01,01.02.2024 19:00:00 Шашки наголо - Old Scool,Шашки наголо,c2a70d74-b18c-4082-826f-11cca698c2a3,Old school,47559a69-d786-4f03-898e-5a1f45d9113b,04fb2e64-bde0-4fb3-9e44-5e47f5a68383,e684f24f-c4ee-489e-82bd-ecaba5803cf9,5a57a28e-c702-4b19-b82c-d8bb4faa5796,e051e54c-5201-4a62-b74c-7c4c92ca2c42,25238906-6419-4fb7-a3f8-e2fe4f9d7930,324aef1d-0b91-4ce0-8fa4-6f8f20575577,2,8
49860817-0904-4c80-8ead-2647101fa407,2024-02-01,01.02.2024 19:00:00 Шашки наголо - Old Scool,Шашки наголо,c2a70d74-b18c-4082-826f-11cca698c2a3,Old school,47559a69-d786-4f03-898e-5a1f45d9113b,5a6a79a2-8447-4869-ab26-26a9cce9725a,078c1f4d-fc3f-4e59-8651-58b0a09caece,3e2569ce-5760-4e74-a2ca-65fa54a7a621;15f1f778-e063-47d5-83b6-e6384d7537d5,59e36208-5fcb-4525-9c15-465545a60caa,04bd64a3-d9d3-4c11-88fd-cbf4a629db43;e40c04e8-cc38-481e-b4b0-0a4e0cfc1df5,51e3a7b9-7a47-4d19-a405-5f2e556f197d,3,6
10b5bf78-7275-4227-83e9-f859b5e065d0,2024-02-08,08.02.2024 18:00:00 Old school - Sheeesh!,Old school,47559a69-d786-4f03-898e-5a1f45d9113b,Sheeesh!,fdc44df0-9710-48bc-88ff-c7cabd05840f,981c0a04-2940-4723-b7ad-5e7f228de240,58eec19b-56b7-49c3-a55d-329a0be3eae7,56db5f1c-8c34-42c9-933c-04c33f8c96fc;04bd64a3-d9d3-4c11-88fd-cbf4a629db43,835ae38e-3b9f-4e68-a9f0-696976640d6e,90a3a1b4-4769-4317-9483-5325316556ac;149742ee-776a-4cd2-9a9c-1bd54dec738a,e2b793c5-158e-407c-981d-04db415031b2,3,6
10b5bf78-7275-4227-83e9-f859b5e065d0,2024-02-08,08.02.2024 18:00:00 Old school - Sheeesh!,Old school,47559a69-d786-4f03-898e-5a1f45d9113b,Sheeesh!,fdc44df0-9710-48bc-88ff-c7cabd05840f,d6ea1a18-14ba-4555-bc8a-949de79d334c,024dcb46-664c-4081-a20c-9d2f1f886682,e40c04e8-cc38-481e-b4b0-0a4e0cfc1df5;25238906-6419-4fb7-a3f8-e2fe4f9d7930,d9502964-5ad0-46f4-81ee-f5982d0636aa,a3588e26-71ac-47e8-80ee-f7b1c27ed097;8c75f19d-c03a-4c3f-b862-8cb0048cf47a,70aeb00f-2ada-41e8-a5a6-dc6c86d8057c,9,3
10b5bf78-7275-4227-83e9-f859b5e065d0,2024-02-08,08.02.2024 18:00:00 Old school - Sheeesh!,Old school,47559a69-d786-4f03-898e-5a1f45d9113b,Sheeesh!,fdc44df0-9710-48bc-88ff-c7cabd05840f,4193d301-074a-464c-bd37-8be51799a5ad,7068e972-ccf9-45e6-8bd9-5e48154b757f,6e3723eb-8d29-4feb-bbc5-7ef845ac2d49,64d5e788-c2f2-4f47-88b2-ce52b267ab72,90a3a1b4-4769-4317-9483-5325316556ac,335a3967-e2c1-4d0c-a6ee-c117883c8349,6,1
10b5bf78-7275-4227-83e9-f859b5e065d0,2024-02-08,08.02.2024 18:00:00 Old school - Sheeesh!,Old school,47559a69-d786-4f03-898e-5a1f45d9113b,Sheeesh!,fdc44df0-9710-48bc-88ff-c7cabd05840f,877c4090-a87c-49a7-aaae-804e5e6576bb,8c229704-52da-4183-b83d-940682501ce8,25238906-6419-4fb7-a3f8-e2fe4f9d7930,5d2830ac-f1a3-4c4f-94c1-93824263eedd,a3588e26-71ac-47e8-80ee-f7b1c27ed097,2a71f811-7045-4f41-9e76-b4983dd34b09,6,2
10b5bf78-7275-4227-83e9-f859b5e065d0,2024-02-08,08.02.2024 18:00:00 Old school - Sheeesh!,Old school,47559a69-d786-4f03-898e-5a1f45d9113b,Sheeesh!,fdc44df0-9710-48bc-88ff-c7cabd05840f,cb6d4f49-3a5a-49f7-9669-9c64f6634481,925c1c00-56e9-4cb7-b14e-17c4a6bb33d9,04bd64a3-d9d3-4c11-88fd-cbf4a629db43;e40c04e8-cc38-481e-b4b0-0a4e0cfc1df5,39321907-79d6-462e-9760-667bd52a0bef,8c75f19d-c03a-4c3f-b862-8cb0048cf47a;6d505517-29e9-48f6-812f-a9522ee1482a,f06ebcb5-9cd6-45a3-83b2-1973c94fc0b7,6,2
5db652dc-4687-4b75-ae16-bcfca1269363,2024-02-08,08.02.2024 19:00:00 Sheeesh! - Old school,Sheeesh!,fdc44df0-9710-48bc-88ff-c7cabd05840f,Old school,47559a69-d786-4f03-898e-5a1f45d9113b,80d5c36a-47c1-4c2b-b94b-5d20faa23d12,0905615e-d462-46c9-864e-60a4cd8381ce,a3588e26-71ac-47e8-80ee-f7b1c27ed097;90a3a1b4-4769-4317-9483-5325316556ac,06261f29-8501-4cbc-9585-0d913652ee94,56db5f1c-8c34-42c9-933c-04c33f8c96fc;25238906-6419-4fb7-a3f8-e2fe4f9d7930,8365cb4b-ab3b-46e5-a60a-a303a8c04072,4,6
5db652dc-4687-4b75-ae16-bcfca1269363,2024-02-08,08.02.2024 19:00:00 Sheeesh! - Old school,Sheeesh!,fdc44df0-9710-48bc-88ff-c7cabd05840f,Old school,47559a69-d786-4f03-898e-5a1f45d9113b,28df35d1-97e4-4578-9cb2-17d9ab2c17ef,4404729b-d354-44d8-896b-ab22c11a05d0,8c75f19d-c03a-4c3f-b862-8cb0048cf47a;6d505517-29e9-48f6-812f-a9522ee1482a,2d2e5912-3800-4f5a-a958-2554f9015066,04bd64a3-d9d3-4c11-88fd-cbf4a629db43;e40c04e8-cc38-481e-b4b0-0a4e0cfc1df5,881e368d-4370-475a-a62e-012ad57106d5,4,6
5db652dc-4687-4b75-ae16-bcfca1269363,2024-02-08,08.02.2024 19:00:00 Sheeesh! - Old school,Sheeesh!,fdc44df0-9710-48bc-88ff-c7cabd05840f,Old school,47559a69-d786-4f03-898e-5a1f45d9113b,f46e7e95-1e82-4120-ab82-222bdbeffa30,87c5a882-bc7b-48ab-a1ac-e6ee59fdbeaa,90a3a1b4-4769-4317-9483-5325316556ac,bf486d1f-37e5-4326-86fd-2aa43dd2cc56,6e3723eb-8d29-4feb-bbc5-7ef845ac2d49,d7f49ce1-0450-4af6-b1b9-dacc88eaf1a0,3,6
5db652dc-4687-4b75-ae16-bcfca1269363,2024-02-08,08.02.2024 19:00:00 Sheeesh! - Old school,Sheeesh!,fdc44df0-9710-48bc-88ff-c7cabd05840f,Old school,47559a69-d786-4f03-898e-5a1f45d9113b,823d8f9f-6f78-42cc-8122-ee542b0aa9e0,360fb2cc-d627-4a4a-8721-7c69746fd6fc,149742ee-776a-4cd2-9a9c-1bd54dec738a,29e0ec3d-796d-4a81-9d9a-691eb8a45a85,25238906-6419-4fb7-a3f8-e2fe4f9d7930,31a34d40-8fe6-47b4-932f-f767696639b8,2,6
5db652dc-4687-4b75-ae16-bcfca1269363,2024-02-08,08.02.2024 19:00:00 Sheeesh! - Old school,Sheeesh!,fdc44df0-9710-48bc-88ff-c7cabd05840f,Old school,47559a69-d786-4f03-898e-5a1f45d9113b,da18130c-fce8-48d9-9414-ba52299bd33e,e185d712-f343-4d8f-8a25-4625d89c086f,8c75f19d-c03a-4c3f-b862-8cb0048cf47a;6d505517-29e9-48f6-812f-a9522ee1482a,f8ee5c98-4e90-4848-8ca9-18d59e0f4f48,04bd64a3-d9d3-4c11-88fd-cbf4a629db43;e40c04e8-cc38-481e-b4b0-0a4e0cfc1df5,28b47b76-cb21-4afc-ae54-d586b1f0142b,7,6
ff6bf182-fefa-4bbf-9ed6-5672f1de1f0d,2024-02-16,16.02.2024 Old school - Шашки наголо,Old school,47559a69-d786-4f03-898e-5a1f45d9113b,Шашки наголо,c2a70d74-b18c-4082-826f-11cca698c2a3,e35ec11c-e2ea-4af4-8adb-3e03b429be74,76ef4a4d-85f3-4f76-8cb8-96ab72250ea1,56db5f1c-8c34-42c9-933c-04c33f8c96fc;25238906-6419-4fb7-a3f8-e2fe4f9d7930,5177991d-8a1b-4e4b-ba86-400eeee1395b,8c4193fe-0ca0-4d34-ad58-654c1690fe63;3e2569ce-5760-4e74-a2ca-65fa54a7a621,eff016f9-bdbb-4e8a-a4a2-ea823da94876,3,6
ff6bf182-fefa-4bbf-9ed6-5672f1de1f0d,2024-02-16,16.02.2024 Old school - Шашки наголо,Old school,47559a69-d786-4f03-898e-5a1f45d9113b,Шашки наголо,c2a70d74-b18c-4082-826f-11cca698c2a3,4515bc32-71f7-485d-b0a2-65f56e6940e6,6d447cc9-1432-42c9-b3e8-563b5f7c06b9,04bd64a3-d9d3-4c11-88fd-cbf4a629db43;e40c04e8-cc38-481e-b4b0-0a4e0cfc1df5,cf45002a-5688-4be7-a407-fc2096359a7e,5a57a28e-c702-4b19-b82c-d8bb4faa5796;15f1f778-e063-47d5-83b6-e6384d7537d5,4f4bbaed-2945-48c1-8a12-9485ce675a68,9,5
ff6bf182-fefa-4bbf-9ed6-5672f1de1f0d,2024-02-16,16.02.2024 Old school - Шашки наголо,Old school,47559a69-d786-4f03-898e-5a1f45d9113b,Шашки наголо,c2a70d74-b18c-4082-826f-11cca698c2a3,e8c8e5c8-ae22-485f-91e1-8db2fa21b7b0,95a4ba73-54ab-4321-bb5e-7b4b48e415bb,56db5f1c-8c34-42c9-933c-04c33f8c96fc,45882a8e-58ec-4c12-837f-c594829f664a,3e2569ce-5760-4e74-a2ca-65fa54a7a621,5208dfcc-0dfb-4b95-95fd-bf90dec1df1d,3,7
ff6bf182-fefa-4bbf-9ed6-5672f1de1f0d,2024-02-16,16.02.2024 Old school - Шашки наголо,Old school,47559a69-d786-4f03-898e-5a1f45d9113b,Шашки наголо,c2a70d74-b18c-4082-826f-11cca698c2a3,a7f98f83-d236-4f92-8b5d-9f1043275885,e4660958-58bb-4914-8053-48cd0e7744b4,25238906-6419-4fb7-a3f8-e2fe4f9d7930,121c0d3e-a424-40c1-8a41-178f0cb9d0be,491f9f97-6487-4632-a836-f184d91aaf82,ebeed547-c830-4dd1-ad43-76de2076795c,8,6
ff6bf182-fefa-4bbf-9ed6-5672f1de1f0d,2024-02-16,16.02.2024 Old school - Шашки наголо,Old school,47559a69-d786-4f03-898e-5a1f45d9113b,Шашки наголо,c2a70d74-b18c-4082-826f-11cca698c2a3,617953a7-f96e-4d75-be4b-3fe1d0ea75bb,2f35999a-6afc-4588-9411-1655a83e5b40,04bd64a3-d9d3-4c11-88fd-cbf4a629db43;e40c04e8-cc38-481e-b4b0-0a4e0cfc1df5,3aefce00-dfef-4e15-8c9c-a50488206129,8c4193fe-0ca0-4d34-ad58-654c1690fe63;15f1f778-e063-47d5-83b6-e6384d7537d5,6314963a-8bf9-41e2-bf13-86dad469d141,7,2
6696b3fb-72c4-410d-a3c8-f65bbc9e029a,2024-02-29,29.02.2024 Ыкырламырка - Кикерные котики,ЫкЫрлЫмЫрка,1e9c8ea2-a389-4971-a7ca-1c95bde6f603,Кикерные котики,2a7b3d01-2a0a-48b2-8369-2d70465d5f70,144826b5-85bb-47a3-a061-473899329cad,fc36a59d-4e76-404e-8c0c-4e4a2c82d1a4,ad6385c6-752d-485e-b43b-d79e947178cf;0b3700ad-c8a0-45ce-bfcb-53f574a5f0e6,cfcddd63-5adc-4ab1-babd-86b2bff51e5b,a9c89a9d-7e08-4bea-808f-5654867f9f20;e3093e6a-0a17-4b37-a5c7-adca7759a38f,fc9c251d-e310-44bc-9099-56ea57c2b332,3,6
6696b3fb-72c4-410d-a3c8-f65bbc9e029a,2024-02-29,29.02.2024 Ыкырламырка - Кикерные котики,ЫкЫрлЫмЫрка,1e9c8ea2-a389-4971-a7ca-1c95bde6f603,Кикерные котики,2a7b3d01-2a0a-48b2-8369-2d70465d5f70,0da7eafb-7f1b-4dbb-a69c-eb355fdd3242,c934c39f-1979-4983-ad59-449e463e39a7,a95a686a-c6da-4861-a0d6-87d8e34b1492;df0b8dea-b5da-4024-8d1d-71f6875193b4,512aa341-84a5-4a02-b0b1-191db15da86f,3348bb57-ed10-4245-b1f0-62c27f64492b;162fe512-e0aa-48f7-a092-c69e30ff8ec7,eb22b68e-48c0-46d6-8000-20ef0a5bc65f,5,6
6696b3fb-72c4-410d-a3c8-f65bbc9e029a,2024-02-29,29.02.2024 Ыкырламырка - Кикерные котики,ЫкЫрлЫмЫрка,1e9c8ea2-a389-4971-a7ca-1c95bde6f603,Кикерные котики,2a7b3d01-2a0a-48b2-8369-2d70465d5f70,6c0842e4-c1f5-4869-9a4d-6dfaff9ef765,be0fee54-47f4-43e6-b4e2-3540e9d471c4,df0b8dea-b5da-4024-8d1d-71f6875193b4,f972d1f9-a6a2-4b0d-af35-77a5a02d8218,162fe512-e0aa-48f7-a092-c69e30ff8ec7,cc8912ef-7b1b-4f02-991d-57ef358cff9f,7,6
6696b3fb-72c4-410d-a3c8-f65bbc9e029a,2024-02-29,29.02.2024 Ыкырламырка - Кикерные котики,ЫкЫрлЫмЫрка,1e9c8ea2-a389-4971-a7ca-1c95bde6f603,Кикерные котики,2a7b3d01-2a0a-48b2-8369-2d70465d5f70,88657ee3-4c14-4fff-aa22-5a645b77cae9,f3125fb0-c213-4d07-a6b0-7ea1e78fe48f,79c4db75-ccbf-4cc0-96df-00f03a498f8e,fd7a514e-1648-4f90-a42f-bf69b58dd8a0,e3093e6a-0a17-4b37-a5c7-adca7759a38f,f0e71663-2f67-4a5a-a614-8efd58a69f7e,1,6
6696b3fb-72c4-410d-a3c8-f65bbc9e029a,2024-02-29,29.02.2024 Ыкырламырка - Кикерные котики,ЫкЫрлЫмЫрка,1e9c8ea2-a389-4971-a7ca-1c95bde6f603,Кикерные котики,2a7b3d01-2a0a-48b2-8369-2d70465d5f70,6b4dc90d-994a-4aad-9323-f699117f9c6a,79caf810-41c5-45ea-be97-a8c812308a6f,ad6385c6-752d-485e-b43b-d79e947178cf;f93b5e8a-0b54-4ab5-9508-bb6f07c21886,6ee4314c-e91f-4b4b-9367-c627d33f0841,416dbaf3-e2f4-4d2d-a183-41ca25884aea;6eb26bed-faba-4067-b3ec-2e66759ed889,fa4a6f0c-8029-4a29-847f-51bab1eda119,3,6
9fb07f33-3091-4d71-b768-81a6b3fae38f,2024-02-29,29.02.2024 Old school - Ыкырлымырка,Old school,47559a69-d786-4f03-898e-5a1f45d9113b,ЫкЫрлЫмЫрка,1e9c8ea2-a389-4971-a7ca-1c95bde6f603,09574a47-9810-4274-8d37-e6f96f2b47e9,a7edd348-4ec4-4ff2-b7d8-aa5d2ec756a5,56db5f1c-8c34-42c9-933c-04c33f8c96fc;04bd64a3-d9d3-4c11-88fd-cbf4a629db43,5cc11bfa-63f0-4ad7-8caa-d6f93bd8cb78,79c4db75-ccbf-4cc0-96df-00f03a498f8e;f93b5e8a-0b54-4ab5-9508-bb6f07c21886,75bf618c-8bb6-4471-bbfd-c7491ac2e816,6,4
9fb07f33-3091-4d71-b768-81a6b3fae38f,2024-02-29,29.02.2024 Old school - Ыкырлымырка,Old school,47559a69-d786-4f03-898e-5a1f45d9113b,ЫкЫрлЫмЫрка,1e9c8ea2-a389-4971-a7ca-1c95bde6f603,03547739-3b9a-405e-9ffa-c1ef657e85fd,97fc7a82-f367-45fd-bf23-2f0c7e8b0231,bcc34bb4-00d4-47b1-ad21-1c51289450c2;6e3723eb-8d29-4feb-bbc5-7ef845ac2d49,4e936a14-ec06-447c-969e-72fb44b93ca6,a95a686a-c6da-4861-a0d6-87d8e34b1492;df0b8dea-b5da-4024-8d1d-71f6875193b4,9257aa5e-53f4-470e-985d-c865758417f8,6,5
9fb07f33-3091-4d71-b768-81a6b3fae38f,2024-02-29,29.02.2024 Old school - Ыкырлымырка,Old school,47559a69-d786-4f03-898e-5a1f45d9113b,ЫкЫрлЫмЫрка,1e9c8ea2-a389-4971-a7ca-1c95bde6f603,a94d2f94-ac3d-4e1a-84b3-df579c775319,06fa4a85-eed1-403d-a70d-f86b36f79065,6e3723eb-8d29-4feb-bbc5-7ef845ac2d49,6c0830c9-7f54-43e9-9a5c-6b88e3e84dfe,79c4db75-ccbf-4cc0-96df-00f03a498f8e,90ceca9c-b211-49ab-be10-4d5aad838c99,6,0
9fb07f33-3091-4d71-b768-81a6b3fae38f,2024-02-29,29.02.2024 Old school - Ыкырлымырка,Old school,47559a69-d786-4f03-898e-5a1f45d9113b,ЫкЫрлЫмЫрка,1e9c8ea2-a389-4971-a7ca-1c95bde6f603,6cf1a8dd-2823-4e5a-b33a-3c005b4c0585,392ff953-b46f-4de1-9b39-1ed5750f99fb,04bd64a3-d9d3-4c11-88fd-cbf4a629db43,b3328770-db88-4b28-a7cc-cd402001ad67,df0b8dea-b5da-4024-8d1d-71f6875193b4,04fe47b8-5899-403c-ac30-60d88031354c,6,13
9fb07f33-3091-4d71-b768-81a6b3fae38f,2024-02-29,29.02.2024 Old school - Ыкырлымырка,Old school,47559a69-d786-4f03-898e-5a1f45d9113b,ЫкЫрлЫмЫрка,1e9c8ea2-a389-4971-a7ca-1c95bde6f603,38bcd48b-4fc1-4dea-845c-445048bee8bf,efe0ab71-5c25-440e-9a36-28b11ccdfa7d,e40c04e8-cc38-481e-b4b0-0a4e0cfc1df5;25238906-6419-4fb7-a3f8-e2fe4f9d7930,2a06de88-9184-4e0a-87ca-b1992758733b,ad6385c6-752d-485e-b43b-d79e947178cf;f93b5e8a-0b54-4ab5-9508-bb6f07c21886,f4012d42-2ff3-4159-9839-3d126dacc0bc,6,4
6a76590c-d0d8-4b4d-afb6-365808d9ce84,2024-03-15,15.03.2024 Шашки наголо - Sheeesh!,Шашки наголо,c2a70d74-b18c-4082-826f-11cca698c2a3,Sheeesh!,fdc44df0-9710-48bc-88ff-c7cabd05840f,9978be64-8780-409b-97d8-535c7cc3caec,78832476-945b-4f57-8691-fa86d2a6f62f,3e2569ce-5760-4e74-a2ca-65fa54a7a621;d9501812-1dd3-4f41-88e9-afdcc206a074,d0cf4254-0cef-4cca-88ee-360dfb8ba436,a3588e26-71ac-47e8-80ee-f7b1c27ed097;046e210d-d81d-450b-ad1e-cf2d622a3325,8a70fc04-70e4-4c35-88d8-61be9130dfe5,6,2
6a76590c-d0d8-4b4d-afb6-365808d9ce84,2024-03-15,15.03.2024 Шашки наголо - Sheeesh!,Шашки наголо,c2a70d74-b18c-4082-826f-11cca698c2a3,Sheeesh!,fdc44df0-9710-48bc-88ff-c7cabd05840f,adaf4523-3d65-445f-be87-39f13aef0342,117cdfd6-8936-4e7a-a4a4-4fe02ed96af7,5a57a28e-c702-4b19-b82c-d8bb4faa5796;15f1f778-e063-47d5-83b6-e6384d7537d5,83a3400c-f05b-4d80-8577-bbf076435335,8c75f19d-c03a-4c3f-b862-8cb0048cf47a;149742ee-776a-4cd2-9a9c-1bd54dec738a,71cb313e-4835-4c1d-9818-d45714042d3b,6,3
6a76590c-d0d8-4b4d-afb6-365808d9ce84,2024-03-15,15.03.2024 Шашки наголо - Sheeesh!,Шашки наголо,c2a70d74-b18c-4082-826f-11cca698c2a3,Sheeesh!,fdc44df0-9710-48bc-88ff-c7cabd05840f,b84e37ca-7f6f-43ed-9c7f-7332be7f8f66,fd8a11e3-8fbf-498f-99b5-9a248dc1232d,8c4193fe-0ca0-4d34-ad58-654c1690fe63,f8b965f2-4471-4f39-8f6a-5703e90d3110,8c75f19d-c03a-4c3f-b862-8cb0048cf47a,21736c8f-4263-4148-b4af-1106534a4289,6,4
6a76590c-d0d8-4b4d-afb6-365808d9ce84,2024-03-15,15.03.2024 Шашки наголо - Sheeesh!,Шашки наголо,c2a70d74-b18c-4082-826f-11cca698c2a3,Sheeesh!,fdc44df0-9710-48bc-88ff-c7cabd05840f,b7ecc664-dc37-4d8b-acca-dbd474109364,8b58552b-b18d-4320-9e00-fe89b89f88b5,3e2569ce-5760-4e74-a2ca-65fa54a7a621,06e73512-522a-4fdf-8e40-fd13982cc341,90a3a1b4-4769-4317-9483-5325316556ac,1fb53d79-ffd7-4330-afe8-d612e97a79b0,6,8
6a76590c-d0d8-4b4d-afb6-365808d9ce84,2024-03-15,15.03.2024 Шашки наголо - Sheeesh!,Шашки наголо,c2a70d74-b18c-4082-826f-11cca698c2a3,Sheeesh!,fdc44df0-9710-48bc-88ff-c7cabd05840f,cb1a096a-0107-4880-9993-43c76498f5f8,3cb8148d-f5d7-4c7a-9588-6d25b22bff4d,15f1f778-e063-47d5-83b6-e6384d7537d5;d9501812-1dd3-4f41-88e9-afdcc206a074,6824244f-2c1d-4025-bbe8-c33f8285044a,149742ee-776a-4cd2-9a9c-1bd54dec738a;046e210d-d81d-450b-ad1e-cf2d622a3325,e1682d08-0ff3-4197-9311-23e311a8e698,6,4
